id,lama hukuman (bulan)
doc_7650,0
doc_22122,0
doc_13812,0
doc_16571,0
doc_9900,0
doc_20624,0
doc_8477,0
doc_22862,0
doc_3352,0
doc_3530,0
doc_17459,0
doc_4247,0
doc_17232,0
doc_19310,0
doc_21359,0
doc_9041,0
doc_23509,0
doc_9210,0
doc_6726,0
doc_19963,0
doc_17941,0
doc_2056,0
doc_22745,0
doc_12644,0
doc_11667,0
doc_1823,0
doc_21396,0
doc_10534,0
doc_502,0
doc_10552,0
doc_11510,0
doc_16443,0
doc_1428,0
doc_18439,0
doc_22659,0
doc_17157,0
doc_14688,0
doc_9189,0
doc_6926,0
doc_4422,0
doc_23309,0
doc_5772,0
doc_12439,0
doc_1874,0
doc_22213,0
doc_6707,0
doc_20615,0
doc_9439,0
doc_14475,0
doc_12074,0
doc_7704,0
doc_16494,0
doc_19653,0
doc_22636,0
doc_16202,0
doc_16432,0
doc_1202,0
doc_6249,0
doc_1685,0
doc_4715,0
doc_16601,0
doc_2142,0
doc_6700,0
doc_18362,0
doc_9364,0
doc_23383,0
doc_2086,0
doc_18333,0
doc_2790,0
doc_20845,0
doc_5930,0
doc_16737,0
doc_20869,0
doc_211,0
doc_23087,0
doc_20000,0
doc_3397,0
doc_10899,0
doc_10194,0
doc_19534,0
doc_15362,0
doc_12710,0
doc_4421,0
doc_12645,0
doc_6627,0
doc_22849,0
doc_12293,0
doc_2174,0
doc_20576,0
doc_4772,0
doc_10275,0
doc_6391,0
doc_19275,0
doc_7696,0
doc_7164,0
doc_2782,0
doc_15605,0
doc_12888,0
doc_22915,0
doc_22063,0
doc_21736,0
doc_20707,0
doc_11097,0
doc_17487,0
doc_22836,0
doc_10370,0
doc_12826,0
doc_12069,0
doc_22774,0
doc_14581,0
doc_9963,0
doc_6504,0
doc_11203,0
doc_6224,0
doc_20482,0
doc_7377,0
doc_22184,0
doc_7222,0
doc_14433,0
doc_8930,0
doc_20889,0
doc_641,0
doc_17635,0
doc_5929,0
doc_17238,0
doc_11251,0
doc_2413,0
doc_9877,0
doc_22188,0
doc_19242,0
doc_1115,0
doc_10085,0
doc_222,0
doc_13254,0
doc_16349,0
doc_12525,0
doc_18543,0
doc_521,0
doc_9673,0
doc_8937,0
doc_19497,0
doc_17709,0
doc_20396,0
doc_9684,0
doc_6280,0
doc_22061,0
doc_8823,0
doc_22026,0
doc_2859,0
doc_13020,0
doc_2223,0
doc_4270,0
doc_5816,0
doc_5019,0
doc_16652,0
doc_16619,0
doc_5744,0
doc_19631,0
doc_7049,0
doc_8701,0
doc_20533,0
doc_5048,0
doc_18398,0
doc_13045,0
doc_14379,0
doc_19409,0
doc_10727,0
doc_22240,0
doc_22214,0
doc_8044,0
doc_15397,0
doc_20190,0
doc_9290,0
doc_16573,0
doc_7340,0
doc_4266,0
doc_200,0
doc_5497,0
doc_8391,0
doc_17796,0
doc_424,0
doc_8148,0
doc_20951,0
doc_13579,0
doc_912,0
doc_3900,0
doc_11413,0
doc_5136,0
doc_22956,0
doc_1633,0
doc_5475,0
doc_2725,0
doc_15278,0
doc_4297,0
doc_6291,0
doc_23179,0
doc_5072,0
doc_3422,0
doc_16657,0
doc_4443,0
doc_1053,0
doc_5199,0
doc_16502,0
doc_6600,0
doc_12224,0
doc_17465,0
doc_22202,0
doc_6216,0
doc_12264,0
doc_14529,0
doc_6356,0
doc_14648,0
doc_13603,0
doc_3303,0
doc_1340,0
doc_19936,0
doc_7199,0
doc_3821,0
doc_18476,0
doc_13471,0
doc_19897,0
doc_21189,0
doc_15498,0
doc_8490,0
doc_3644,0
doc_14977,0
doc_17245,0
doc_18710,0
doc_10960,0
doc_3704,0
doc_14419,0
doc_3705,0
doc_10206,0
doc_18192,0
doc_682,0
doc_16597,0
doc_2309,0
doc_9407,0
doc_21726,0
doc_18126,0
doc_15839,0
doc_22512,0
doc_12550,0
doc_20133,0
doc_12409,0
doc_4102,0
doc_12962,0
doc_13513,0
doc_19496,0
doc_504,0
doc_1057,0
doc_4983,0
doc_15830,0
doc_15082,0
doc_14439,0
doc_8157,0
doc_21055,0
doc_4227,0
doc_448,0
doc_1114,0
doc_4085,0
doc_8337,0
doc_12399,0
doc_3663,0
doc_22917,0
doc_12944,0
doc_12682,0
doc_21807,0
doc_22548,0
doc_20978,0
doc_8397,0
doc_16241,0
doc_11057,0
doc_21349,0
doc_6040,0
doc_470,0
doc_7020,0
doc_23513,0
doc_9125,0
doc_517,0
doc_22950,0
doc_16555,0
doc_4992,0
doc_1766,0
doc_15612,0
doc_19891,0
doc_4535,0
doc_281,0
doc_14359,0
doc_22961,0
doc_23144,0
doc_18919,0
doc_16236,0
doc_17046,0
doc_7538,0
doc_12624,0
doc_1228,0
doc_3201,0
doc_9566,0
doc_168,0
doc_17822,0
doc_21997,0
doc_5655,0
doc_7892,0
doc_7376,0
doc_19546,0
doc_3635,0
doc_18905,0
doc_248,0
doc_3097,0
doc_2752,0
doc_6965,0
doc_3024,0
doc_20643,0
doc_6804,0
doc_6825,0
doc_18416,0
doc_2021,0
doc_3700,0
doc_4406,0
doc_10856,0
doc_22921,0
doc_16605,0
doc_2146,0
doc_11377,0
doc_4668,0
doc_7316,0
doc_13488,0
doc_21850,0
doc_23629,0
doc_15838,0
doc_16154,0
doc_17089,0
doc_14446,0
doc_5926,0
doc_12134,0
doc_9512,0
doc_9712,0
doc_9988,0
doc_21366,0
doc_7577,0
doc_11636,0
doc_21829,0
doc_964,0
doc_18902,0
doc_5344,0
doc_21166,0
doc_3074,0
doc_7794,0
doc_944,0
doc_16096,0
doc_11177,0
doc_6872,0
doc_2169,0
doc_13389,0
doc_21622,0
doc_10575,0
doc_11523,0
doc_4144,0
doc_13111,0
doc_9126,0
doc_23571,0
doc_2215,0
doc_14683,0
doc_972,0
doc_1193,0
doc_21035,0
doc_13236,0
doc_1819,0
doc_16823,0
doc_14763,0
doc_3449,0
doc_3534,0
doc_17708,0
doc_5712,0
doc_20451,0
doc_3777,0
doc_1399,0
doc_5095,0
doc_22870,0
doc_14412,0
doc_23128,0
doc_11263,0
doc_16919,0
doc_1890,0
doc_3329,0
doc_12724,0
doc_7526,0
doc_22615,0
doc_17327,0
doc_135,0
doc_17900,0
doc_6425,0
doc_1148,0
doc_15484,0
doc_53,0
doc_17937,0
doc_12187,0
doc_22163,0
doc_10964,0
doc_7525,0
doc_12245,0
doc_16374,0
doc_19603,0
doc_2555,0
doc_3687,0
doc_8399,0
doc_10865,0
doc_18251,0
doc_19267,0
doc_22777,0
doc_5027,0
doc_10715,0
doc_11678,0
doc_11080,0
doc_4864,0
doc_18974,0
doc_23178,0
doc_19827,0
doc_11849,0
doc_18368,0
doc_4480,0
doc_6587,0
doc_22082,0
doc_15715,0
doc_11000,0
doc_7917,0
doc_7590,0
doc_2409,0
doc_17206,0
doc_14757,0
doc_4401,0
doc_18169,0
doc_3109,0
doc_3579,0
doc_16263,0
doc_30,0
doc_12039,0
doc_5848,0
doc_15256,0
doc_17673,0
doc_14362,0
doc_6137,0
doc_9902,0
doc_13757,0
doc_17024,0
doc_19807,0
doc_8761,0
doc_11593,0
doc_23163,0
doc_15378,0
doc_11589,0
doc_16296,0
doc_15137,0
doc_14421,0
doc_18394,0
doc_7672,0
doc_15393,0
doc_3799,0
doc_7202,0
doc_17994,0
doc_3395,0
doc_13367,0
doc_11236,0
doc_9964,0
doc_21767,0
doc_10509,0
doc_12052,0
doc_15101,0
doc_13595,0
doc_17336,0
doc_3512,0
doc_15023,0
doc_8055,0
doc_10095,0
doc_3071,0
doc_23135,0
doc_21323,0
doc_10931,0
doc_17818,0
doc_19464,0
doc_6704,0
doc_11077,0
doc_9940,0
doc_17742,0
doc_5166,0
doc_11230,0
doc_21192,0
doc_8396,0
doc_13756,0
doc_20065,0
doc_15342,0
doc_15899,0
doc_10195,0
doc_15594,0
doc_16066,0
doc_15853,0
doc_8070,0
doc_16225,0
doc_13574,0
doc_650,0
doc_6179,0
doc_2343,0
doc_2728,0
doc_22185,0
doc_20917,0
doc_4004,0
doc_10871,0
doc_19573,0
doc_10024,0
doc_1109,0
doc_22088,0
doc_13820,0
doc_20821,0
doc_16223,0
doc_14992,0
doc_14569,0
doc_6843,0
doc_4950,0
doc_12080,0
doc_12921,0
doc_19719,0
doc_10295,0
doc_1123,0
doc_19911,0
doc_19184,0
doc_15307,0
doc_22764,0
doc_4376,0
doc_5889,0
doc_11588,0
doc_7822,0
doc_22212,0
doc_17703,0
doc_3510,0
doc_9218,0
doc_9424,0
doc_17596,0
doc_11064,0
doc_14591,0
doc_11806,0
doc_6758,0
doc_14203,0
doc_19262,0
doc_10864,0
doc_21606,0
doc_11141,0
doc_14682,0
doc_5164,0
doc_2768,0
doc_18693,0
doc_13523,0
doc_20108,0
doc_19103,0
doc_2609,0
doc_10207,0
doc_4743,0
doc_5964,0
doc_9086,0
doc_368,0
doc_9652,0
doc_20316,0
doc_5854,0
doc_11087,0
doc_6979,0
doc_9230,0
doc_2035,0
doc_18577,0
doc_22976,0
doc_14345,0
doc_15727,0
doc_2389,0
doc_3464,0
doc_17460,0
doc_15482,0
doc_20337,0
doc_3586,0
doc_15643,0
doc_8604,0
doc_12333,0
doc_7640,0
doc_3567,0
doc_19032,0
doc_20736,0
doc_18907,0
doc_13811,0
doc_8408,0
doc_1922,0
doc_11150,0
doc_22696,0
doc_16939,0
doc_20167,0
doc_14673,0
doc_1676,0
doc_2906,0
doc_13012,0
doc_13064,0
doc_19522,0
doc_19140,0
doc_4700,0
doc_5467,0
doc_5865,0
doc_12012,0
doc_636,0
doc_12054,0
doc_23262,0
doc_20578,0
doc_13541,0
doc_2646,0
doc_1419,0
doc_2044,0
doc_11223,0
doc_19866,0
doc_21687,0
doc_697,0
doc_3069,0
doc_7956,0
doc_6809,0
doc_18858,0
doc_12864,0
doc_8957,0
doc_15507,0
doc_6162,0
doc_1714,0
doc_7913,0
doc_14966,0
doc_4294,0
doc_18663,0
doc_985,0
doc_1581,0
doc_17565,0
doc_1494,0
doc_8833,0
doc_12504,0
doc_2502,0
doc_3835,0
doc_8899,0
doc_316,0
doc_12500,0
doc_18195,0
doc_9793,0
doc_13455,0
doc_209,0
doc_15618,0
doc_22814,0
doc_8897,0
doc_15019,0
doc_22093,0
doc_6144,0
doc_16255,0
doc_17526,0
doc_13288,0
doc_2572,0
doc_15684,0
doc_23465,0
doc_2734,0
doc_18470,0
doc_5717,0
doc_1434,0
doc_6935,0
doc_9094,0
doc_17510,0
doc_5576,0
doc_20249,0
doc_9723,0
doc_17778,0
doc_15309,0
doc_10317,0
doc_2112,0
doc_18257,0
doc_11130,0
doc_6715,0
doc_16363,0
doc_14385,0
doc_6165,0
doc_8623,0
doc_18633,0
doc_21498,0
doc_4773,0
doc_10613,0
doc_5039,0
doc_251,0
doc_2506,0
doc_11571,0
doc_284,0
doc_9579,0
doc_21586,0
doc_23660,0
doc_21947,0
doc_20690,0
doc_12981,0
doc_1813,0
doc_3419,0
doc_2603,0
doc_14414,0
doc_22204,0
doc_20221,0
doc_5415,0
doc_5318,0
doc_17811,0
doc_21063,0
doc_3051,0
doc_6760,0
doc_20883,0
doc_7050,0
doc_11793,0
doc_7986,0
doc_21419,0
doc_21075,0
doc_9234,0
doc_13356,0
doc_429,0
doc_8455,0
doc_17416,0
doc_3370,0
doc_20251,0
doc_15046,0
doc_4160,0
doc_4259,0
doc_1203,0
doc_2860,0
doc_8343,0
doc_9428,0
doc_13977,0
doc_2267,0
doc_23458,0
doc_13838,0
doc_971,0
doc_19595,0
doc_19272,0
doc_18775,0
doc_21133,0
doc_7071,0
doc_19107,0
doc_19639,0
doc_23324,0
doc_1476,0
doc_2513,0
doc_3059,0
doc_4885,0
doc_14302,0
doc_16373,0
doc_18479,0
doc_19028,0
doc_1191,0
doc_8914,0
doc_2930,0
doc_18423,0
doc_5954,0
doc_1064,0
doc_22006,0
doc_2708,0
doc_3712,0
doc_22112,0
doc_6225,0
doc_15866,0
doc_6699,0
doc_3015,0
doc_8424,0
doc_13786,0
doc_8671,0
doc_12646,0
doc_5116,0
doc_6481,0
doc_5334,0
doc_14858,0
doc_13874,0
doc_18808,0
doc_19444,0
doc_23518,0
doc_12435,0
doc_15166,0
doc_7871,0
doc_8021,0
doc_14284,0
doc_9572,0
doc_16859,0
doc_12334,0
doc_2347,0
doc_5636,0
doc_6408,0
doc_4060,0
doc_13263,0
doc_1681,0
doc_9139,0
doc_13486,0
doc_13650,0
doc_18070,0
doc_17093,0
doc_22965,0
doc_19047,0
doc_16079,0
doc_8498,0
doc_8545,0
doc_19154,0
doc_9681,0
doc_16046,0
doc_3046,0
doc_14916,0
doc_12031,0
doc_6098,0
doc_7474,0
doc_18474,0
doc_8658,0
doc_19160,0
doc_1046,0
doc_19766,0
doc_20408,0
doc_3173,0
doc_8243,0
doc_2636,0
doc_3190,0
doc_14650,0
doc_12697,0
doc_13925,0
doc_4462,0
doc_1744,0
doc_6654,0
doc_20796,0
doc_23575,0
doc_17003,0
doc_6984,0
doc_324,0
doc_13605,0
doc_7004,0
doc_19888,0
doc_22735,0
doc_3078,0
doc_15790,0
doc_5474,0
doc_15267,0
doc_19848,0
doc_7543,0
doc_6816,0
doc_17545,0
doc_20347,0
doc_7469,0
doc_5863,0
doc_23268,0
doc_12918,0
doc_7370,0
doc_3388,0
doc_4286,0
doc_7467,0
doc_4852,0
doc_151,0
doc_18661,0
doc_8659,0
doc_6625,0
doc_8666,0
doc_18791,0
doc_13271,0
doc_18184,0
doc_9619,0
doc_16244,0
doc_11425,0
doc_17480,0
doc_16672,0
doc_21924,0
doc_22266,0
doc_15940,0
doc_15613,0
doc_13458,0
doc_19955,0
doc_2291,0
doc_9350,0
doc_8232,0
doc_9813,0
doc_13296,0
doc_20183,0
doc_22817,0
doc_15400,0
doc_10366,0
doc_8726,0
doc_1088,0
doc_19056,0
doc_14645,0
doc_1643,0
doc_6245,0
doc_13736,0
doc_16317,0
doc_22040,0
doc_8704,0
doc_10118,0
doc_2477,0
doc_2639,0
doc_15390,0
doc_12896,0
doc_3610,0
doc_16322,0
doc_9726,0
doc_12372,0
doc_7555,0
doc_17983,0
doc_10369,0
doc_7192,0
doc_4485,0
doc_11752,0
doc_8189,0
doc_20990,0
doc_3602,0
doc_1457,0
doc_22843,0
doc_5307,0
doc_10506,0
doc_829,0
doc_6608,0
doc_15527,0
doc_19388,0
doc_21629,0
doc_11882,0
doc_1484,0
doc_21827,0
doc_467,0
doc_8193,0
doc_18852,0
doc_8680,0
doc_2362,0
doc_5817,0
doc_21023,0
doc_7603,0
doc_13022,0
doc_14640,0
doc_4450,0
doc_5707,0
doc_17105,0
doc_12251,0
doc_5366,0
doc_13173,0
doc_8909,0
doc_19264,0
doc_5654,0
doc_1528,0
doc_6620,0
doc_22571,0
doc_10949,0
doc_10550,0
doc_23477,0
doc_17334,0
doc_18492,0
doc_4975,0
doc_2209,0
doc_21594,0
doc_12045,0
doc_23535,0
doc_19823,0
doc_10386,0
doc_11961,0
doc_15086,0
doc_12444,0
doc_16072,0
doc_7407,0
doc_6880,0
doc_20389,0
doc_7308,0
doc_7583,0
doc_9385,0
doc_21794,0
doc_9265,0
doc_17379,0
doc_15607,0
doc_23348,0
doc_17004,0
doc_15428,0
doc_2394,0
doc_17986,0
doc_20229,0
doc_5372,0
doc_16114,0
doc_8871,0
doc_1504,0
doc_9015,0
doc_6922,0
doc_21889,0
doc_13168,0
doc_11934,0
doc_18792,0
doc_13190,0
doc_8038,0
doc_8827,0
doc_13454,0
doc_9227,0
doc_9160,0
doc_10218,0
doc_15590,0
doc_6426,0
doc_10611,0
doc_13600,0
doc_1863,0
doc_17781,0
doc_16585,0
doc_9411,0
doc_19407,0
doc_5536,0
doc_15179,0
doc_5395,0
doc_9653,0
doc_6232,0
doc_16027,0
doc_997,0
doc_10697,0
doc_3342,0
doc_4291,0
doc_16581,0
doc_21333,0
doc_8814,0
doc_15338,0
doc_8356,0
doc_11946,0
doc_23351,0
doc_20913,0
doc_11813,0
doc_3841,0
doc_15767,0
doc_12286,0
doc_9459,0
doc_867,0
doc_13727,0
doc_3231,0
doc_16498,0
doc_18013,0
doc_12050,0
doc_8539,0
doc_3523,0
doc_17009,0
doc_14239,0
doc_1969,0
doc_18571,0
doc_4221,0
doc_3317,0
doc_3114,0
doc_23584,0
doc_8517,0
doc_3617,0
doc_7933,0
doc_9560,0
doc_21623,0
doc_14468,0
doc_4548,0
doc_5216,0
doc_342,0
doc_5672,0
doc_22332,0
doc_9578,0
doc_13718,0
doc_8095,0
doc_16039,0
doc_16209,0
doc_5658,0
doc_4631,0
doc_2584,0
doc_3456,0
doc_18993,0
doc_12132,0
doc_14480,0
doc_10762,0
doc_11406,0
doc_17927,0
doc_19863,0
doc_13053,0
doc_2172,0
doc_6037,0
doc_17829,0
doc_10870,0
doc_14899,0
doc_13414,0
doc_6316,0
doc_6062,0
doc_22405,0
doc_4304,0
doc_2885,0
doc_9101,0
doc_23149,0
doc_22717,0
doc_18924,0
doc_20171,0
doc_1028,0
doc_6347,0
doc_4464,0
doc_19102,0
doc_16621,0
doc_10420,0
doc_19435,0
doc_14774,0
doc_11702,0
doc_12895,0
doc_4915,0
doc_313,0
doc_18540,0
doc_2387,0
doc_18225,0
doc_1596,0
doc_20812,0
doc_18641,0
doc_14262,0
doc_3922,0
doc_279,0
doc_12568,0
doc_19449,0
doc_9017,0
doc_1511,0
doc_11316,0
doc_18316,0
doc_4439,0
doc_15871,0
doc_21927,0
doc_1132,0
doc_218,0
doc_20611,0
doc_374,0
doc_4179,0
doc_10062,0
doc_20745,0
doc_23326,0
doc_23224,0
doc_1604,0
doc_12295,0
doc_11147,0
doc_6014,0
doc_2202,0
doc_5184,0
doc_18431,0
doc_21154,0
doc_16748,0
doc_23263,0
doc_21826,0
doc_18485,0
doc_13502,0
doc_12424,0
doc_21238,0
doc_2005,0
doc_16949,0
doc_17216,0
doc_5219,0
doc_22788,0
doc_17980,0
doc_20778,0
doc_120,0
doc_12212,0
doc_6180,0
doc_8166,0
doc_2741,0
doc_18180,0
doc_8328,0
doc_4784,0
doc_7754,0
doc_15226,0
doc_4033,0
doc_16119,0
doc_5976,0
doc_15603,0
doc_16268,0
doc_11559,0
doc_2798,0
doc_12768,0
doc_6658,0
doc_8030,0
doc_13745,0
doc_1600,0
doc_19246,0
doc_9602,0
doc_4203,0
doc_2230,0
doc_13787,0
doc_4768,0
doc_9490,0
doc_12470,0
doc_7862,0
doc_19959,0
doc_11553,0
doc_20787,0
doc_6897,0
doc_10880,0
doc_3198,0
doc_20925,0
doc_548,0
doc_11196,0
doc_23525,0
doc_12933,0
doc_16925,0
doc_18980,0
doc_9694,0
doc_18415,0
doc_4846,0
doc_21357,0
doc_20759,0
doc_10145,0
doc_2843,0
doc_23211,0
doc_3275,0
doc_14235,0
doc_3182,0
doc_4220,0
doc_19508,0
doc_16596,0
doc_22914,0
doc_6434,0
doc_20650,0
doc_12632,0
doc_23245,0
doc_7883,0
doc_19718,0
doc_18642,0
doc_5922,0
doc_9049,0
doc_4557,0
doc_9527,0
doc_684,0
doc_21896,0
doc_6679,0
doc_19416,0
doc_6242,0
doc_2517,0
doc_20405,0
doc_16480,0
doc_21588,0
doc_11687,0
doc_9042,0
doc_11397,0
doc_564,0
doc_3845,0
doc_15401,0
doc_3572,0
doc_1636,0
doc_18759,0
doc_19849,0
doc_21418,0
doc_21225,0
doc_20078,0
doc_9761,0
doc_17079,0
doc_21142,0
doc_23344,0
doc_8040,0
doc_2042,0
doc_22863,0
doc_327,0
doc_4187,0
doc_19166,0
doc_17050,0
doc_3394,0
doc_8226,0
doc_13621,0
doc_11328,0
doc_18764,0
doc_15047,0
doc_3316,0
doc_18866,0
doc_18350,0
doc_14781,0
doc_17062,0
doc_2535,0
doc_719,0
doc_16954,0
doc_7242,0
doc_22379,0
doc_1555,0
doc_19557,0
doc_6931,0
doc_18065,0
doc_6910,0
doc_16651,0
doc_1941,0
doc_11801,0
doc_16686,0
doc_9682,0
doc_18286,0
doc_10220,0
doc_12194,0
doc_19461,0
doc_8511,0
doc_17984,0
doc_18617,0
doc_17501,0
doc_7440,0
doc_36,0
doc_13310,0
doc_18721,0
doc_7303,0
doc_20384,0
doc_17866,0
doc_22358,0
doc_14656,0
doc_20822,0
doc_12699,0
doc_6951,0
doc_5884,0
doc_16385,0
doc_3920,0
doc_15176,0
doc_12680,0
doc_743,0
doc_9873,0
doc_18809,0
doc_5909,0
doc_35,0
doc_13720,0
doc_19900,0
doc_17222,0
doc_17758,0
doc_3593,0
doc_10863,0
doc_22987,0
doc_11538,0
doc_21600,0
doc_1289,0
doc_20503,0
doc_8609,0
doc_9000,0
doc_10243,0
doc_13859,0
doc_20860,0
doc_18535,0
doc_18613,0
doc_21660,0
doc_22998,0
doc_14220,0
doc_14826,0
doc_2335,0
doc_3434,0
doc_2642,0
doc_9533,0
doc_23234,0
doc_12401,0
doc_18677,0
doc_17528,0
doc_7945,0
doc_10831,0
doc_11889,0
doc_22868,0
doc_14089,0
doc_3703,0
doc_12948,0
doc_11536,0
doc_22442,0
doc_20911,0
doc_21724,0
doc_5888,0
doc_8083,0
doc_11814,0
doc_6294,0
doc_1748,0
doc_15694,0
doc_13292,0
doc_19850,0
doc_20079,0
doc_11924,0
doc_18183,0
doc_1216,0
doc_10979,0
doc_10247,0
doc_8958,0
doc_18221,0
doc_1531,0
doc_21608,0
doc_22359,0
doc_11415,0
doc_7299,0
doc_3659,0
doc_20625,0
doc_15626,0
doc_16077,0
doc_20827,0
doc_857,0
doc_20112,0
doc_23342,0
doc_12799,0
doc_12065,0
doc_9568,0
doc_7540,0
doc_22314,0
doc_23662,0
doc_45,0
doc_8145,0
doc_3726,0
doc_19988,0
doc_22793,0
doc_1430,0
doc_14498,0
doc_19428,0
doc_2618,0
doc_13436,0
doc_19061,0
doc_1298,0
doc_586,0
doc_5585,0
doc_23634,0
doc_20855,0
doc_19083,0
doc_292,0
doc_21146,0
doc_4389,0
doc_14868,0
doc_5349,0
doc_14273,0
doc_7398,0
doc_8923,0
doc_23293,0
doc_16940,0
doc_4405,0
doc_14685,0
doc_8228,0
doc_11565,0
doc_9449,0
doc_17551,0
doc_7570,0
doc_17205,0
doc_11482,0
doc_2062,0
doc_6282,0
doc_6025,0
doc_8797,0
doc_3878,0
doc_23022,0
doc_19123,0
doc_11645,0
doc_3711,0
doc_21100,0
doc_10329,0
doc_22242,0
doc_10301,0
doc_16542,0
doc_21393,0
doc_19354,0
doc_2233,0
doc_14094,0
doc_11711,0
doc_13979,0
doc_17506,0
doc_18403,0
doc_19488,0
doc_12555,0
doc_9223,0
doc_22724,0
doc_3423,0
doc_9314,0
doc_5639,0
doc_11943,0
doc_5849,0
doc_7218,0
doc_5108,0
doc_21828,0
doc_20510,0
doc_17367,0
doc_22871,0
doc_14972,0
doc_7489,0
doc_22809,0
doc_14074,0
doc_21293,0
doc_21112,0
doc_937,0
doc_8295,0
doc_906,0
doc_16889,0
doc_21034,0
doc_3383,0
doc_10332,0
doc_201,0
doc_15396,0
doc_7801,0
doc_15100,0
doc_6845,0
doc_3212,0
doc_9402,0
doc_8342,0
doc_8798,0
doc_15987,0
doc_8584,0
doc_19378,0
doc_2852,0
doc_4166,0
doc_21792,0
doc_23249,0
doc_21052,0
doc_22098,0
doc_384,0
doc_16208,0
doc_21552,0
doc_12619,0
doc_8454,0
doc_9264,0
doc_14796,0
doc_17107,0
doc_20511,0
doc_15657,0
doc_9573,0
doc_11171,0
doc_13021,0
doc_7739,0
doc_11437,0
doc_9543,0
doc_11434,0
doc_5228,0
doc_7887,0
doc_18141,0
doc_12228,0
doc_22077,0
doc_14484,0
doc_22050,0
doc_21193,0
doc_18040,0
doc_2716,0
doc_7404,0
doc_8247,0
doc_17113,0
doc_20824,0
doc_10262,0
doc_23378,0
doc_21312,0
doc_6632,0
doc_8624,0
doc_1645,0
doc_6290,0
doc_18435,0
doc_11734,0
doc_20293,0
doc_1881,0
doc_13593,0
doc_4346,0
doc_8903,0
doc_21795,0
doc_5715,0
doc_20727,0
doc_8893,0
doc_18605,0
doc_22638,0
doc_21271,0
doc_10035,0
doc_10273,0
doc_15932,0
doc_22433,0
doc_21577,0
doc_4094,0
doc_20664,0
doc_16192,0
doc_20846,0
doc_16896,0
doc_13567,0
doc_22039,0
doc_8271,0
doc_5101,0
doc_22606,0
doc_4276,0
doc_11744,0
doc_9930,0
doc_21578,0
doc_8158,0
doc_20118,0
doc_19965,0
doc_5246,0
doc_8263,0
doc_12006,0
doc_9899,0
doc_13960,0
doc_15931,0
doc_21175,0
doc_5663,0
doc_15916,0
doc_10300,0
doc_23300,0
doc_475,0
doc_20037,0
doc_21658,0
doc_19317,0
doc_12537,0
doc_8759,0
doc_4323,0
doc_10514,0
doc_4190,0
doc_5558,0
doc_13849,0
doc_15095,0
doc_23561,0
doc_14957,0
doc_22904,0
doc_22328,0
doc_899,0
doc_15728,0
doc_23612,0
doc_21461,0
doc_22207,0
doc_17783,0
doc_4310,0
doc_17915,0
doc_4398,0
doc_4955,0
doc_2580,0
doc_23068,0
doc_1183,0
doc_15244,0
doc_1711,0
doc_9689,0
doc_23466,0
doc_12901,0
doc_19763,0
doc_17793,0
doc_10186,0
doc_20122,0
doc_10766,0
doc_7135,0
doc_16470,0
doc_8612,0
doc_17420,0
doc_20804,0
doc_14945,0
doc_4573,0
doc_5161,0
doc_19601,0
doc_16848,0
doc_21424,0
doc_18755,0
doc_22946,0
doc_2677,0
doc_16380,0
doc_5392,0
doc_6892,0
doc_20630,0
doc_23093,0
doc_22085,0
doc_7709,0
doc_2948,0
doc_5419,0
doc_13586,0
doc_19018,0
doc_13063,0
doc_16131,0
doc_11763,0
doc_18868,0
doc_13100,0
doc_10164,0
doc_17057,0
doc_20554,0
doc_9304,0
doc_1458,0
doc_17967,0
doc_18237,0
doc_3861,0
doc_15976,0
doc_14082,0
doc_9713,0
doc_5526,0
doc_12940,0
doc_13871,0
doc_8910,0
doc_19134,0
doc_19715,0
doc_11451,0
doc_981,0
doc_6664,0
doc_4253,0
doc_1384,0
doc_513,0
doc_5253,0
doc_18239,0
doc_15080,0
doc_6146,0
doc_10200,0
doc_8487,0
doc_15193,0
doc_6516,0
doc_19004,0
doc_14447,0
doc_5506,0
doc_18091,0
doc_1093,0
doc_22399,0
doc_452,0
doc_17446,0
doc_6731,0
doc_8961,0
doc_2562,0
doc_13760,0
doc_370,0
doc_7186,0
doc_12314,0
doc_20193,0
doc_17283,0
doc_8443,0
doc_8615,0
doc_6539,0
doc_23103,0
doc_3287,0
doc_14831,0
doc_6665,0
doc_1413,0
doc_21472,0
doc_11100,0
doc_14903,0
doc_12236,0
doc_8629,0
doc_2509,0
doc_16678,0
doc_9996,0
doc_21818,0
doc_23172,0
doc_58,0
doc_13671,0
doc_14418,0
doc_6780,0
doc_2767,0
doc_11839,0
doc_1535,0
doc_17301,0
doc_23037,0
doc_22309,0
doc_5664,0
doc_15804,0
doc_23121,0
doc_2137,0
doc_15258,0
doc_21295,0
doc_16187,0
doc_19843,0
doc_9830,0
doc_10122,0
doc_16341,0
doc_2405,0
doc_18893,0
doc_3227,0
doc_3785,0
doc_16764,0
doc_9939,0
doc_18570,0
doc_4517,0
doc_31,0
doc_14912,0
doc_6073,0
doc_16971,0
doc_4470,0
doc_2153,0
doc_323,0
doc_19151,0
doc_20447,0
doc_20361,0
doc_3430,0
doc_7835,0
doc_13186,0
doc_2266,0
doc_9199,0
doc_736,0
doc_8035,0
doc_21389,0
doc_12541,0
doc_18761,0
doc_4204,0
doc_7482,0
doc_9995,0
doc_16697,0
doc_17500,0
doc_5546,0
doc_17657,0
doc_16465,0
doc_13244,0
doc_21259,0
doc_3708,0
doc_15479,0
doc_11445,0
doc_10306,0
doc_20253,0
doc_21182,0
doc_20757,0
doc_3690,0
doc_12168,0
doc_689,0
doc_3255,0
doc_4640,0
doc_21068,0
doc_14849,0
doc_5980,0
doc_23118,0
doc_17853,0
doc_16974,0
doc_13038,0
doc_16727,0
doc_14322,0
doc_12877,0
doc_15723,0
doc_5486,0
doc_18736,0
doc_6629,0
doc_14329,0
doc_16346,0
doc_3384,0
doc_4979,0
doc_10002,0
doc_3822,0
doc_15431,0
doc_17919,0
doc_21324,0
doc_2360,0
doc_15288,0
doc_10668,0
doc_14476,0
doc_492,0
doc_20541,0
doc_9923,0
doc_11498,0
doc_15040,0
doc_18367,0
doc_386,0
doc_23036,0
doc_15842,0
doc_6837,0
doc_8427,0
doc_12423,0
doc_9732,0
doc_17689,0
doc_17470,0
doc_8067,0
doc_19401,0
doc_9949,0
doc_10121,0
doc_1283,0
doc_3354,0
doc_18749,0
doc_13821,0
doc_17396,0
doc_8764,0
doc_15658,0
doc_19677,0
doc_11149,0
doc_4045,0
doc_13572,0
doc_18681,0
doc_2648,0
doc_17195,0
doc_16147,0
doc_10925,0
doc_20498,0
doc_1312,0
doc_14961,0
doc_15102,0
doc_6138,0
doc_11901,0
doc_6827,0
doc_21381,0
doc_18293,0
doc_6917,0
doc_19090,0
doc_2735,0
doc_10545,0
doc_2196,0
doc_10701,0
doc_18835,0
doc_7224,0
doc_7909,0
doc_20210,0
doc_17136,0
doc_2715,0
doc_5836,0
doc_7496,0
doc_3028,0
doc_19682,0
doc_9738,0
doc_5002,0
doc_16267,0
doc_2324,0
doc_5020,0
doc_9737,0
doc_17323,0
doc_5385,0
doc_4795,0
doc_23102,0
doc_6378,0
doc_4411,0
doc_22154,0
doc_22888,0
doc_17974,0
doc_3367,0
doc_11465,0
doc_12359,0
doc_18128,0
doc_17926,0
doc_15332,0
doc_14372,0
doc_20995,0
doc_2596,0
doc_1085,0
doc_4141,0
doc_9750,0
doc_23497,0
doc_22639,0
doc_21808,0
doc_10523,0
doc_1247,0
doc_22996,0
doc_3262,0
doc_16723,0
doc_16684,0
doc_14665,0
doc_2426,0
doc_19684,0
doc_16521,0
doc_3734,0
doc_21559,0
doc_15295,0
doc_6054,0
doc_4490,0
doc_21156,0
doc_11014,0
doc_15406,0
doc_23044,0
doc_5666,0
doc_15720,0
doc_13462,0
doc_16048,0
doc_10390,0
doc_10799,0
doc_8767,0
doc_7307,0
doc_22375,0
doc_17970,0
doc_13223,0
doc_607,0
doc_15981,0
doc_8125,0
doc_16366,0
doc_6484,0
doc_16760,0
doc_16872,0
doc_18437,0
doc_17805,0
doc_16869,0
doc_3885,0
doc_1454,0
doc_5181,0
doc_4011,0
doc_9339,0
doc_6798,0
doc_19142,0
doc_22667,0
doc_10281,0
doc_6813,0
doc_12079,0
doc_7572,0
doc_15623,0
doc_12989,0
doc_669,0
doc_21056,0
doc_9858,0
doc_10236,0
doc_8185,0
doc_2924,0
doc_13934,0
doc_16972,0
doc_7678,0
doc_15891,0
doc_3738,0
doc_2301,0
doc_1513,0
doc_16778,0
doc_5858,0
doc_14062,0
doc_7364,0
doc_7295,0
doc_19521,0
doc_19503,0
doc_2271,0
doc_12336,0
doc_16642,0
doc_3807,0
doc_1107,0
doc_5847,0
doc_18484,0
doc_20203,0
doc_8275,0
doc_14182,0
doc_11896,0
doc_8407,0
doc_16086,0
doc_4731,0
doc_3257,0
doc_22110,0
doc_9464,0
doc_21407,0
doc_12426,0
doc_5212,0
doc_3403,0
doc_9827,0
doc_3502,0
doc_17042,0
doc_15010,0
doc_7890,0
doc_18973,0
doc_14631,0
doc_6650,0
doc_21633,0
doc_22876,0
doc_22016,0
doc_3947,0
doc_7477,0
doc_22334,0
doc_2863,0
doc_16587,0
doc_22597,0
doc_3674,0
doc_11450,0
doc_18076,0
doc_16715,0
doc_11132,0
doc_5417,0
doc_9947,0
doc_14305,0
doc_20267,0
doc_20552,0
doc_22778,0
doc_20480,0
doc_3283,0
doc_21273,0
doc_2899,0
doc_3770,0
doc_7829,0
doc_19806,0
doc_5103,0
doc_6915,0
doc_18897,0
doc_11520,0
doc_6668,0
doc_7091,0
doc_18057,0
doc_10816,0
doc_5653,0
doc_3954,0
doc_13552,0
doc_4206,0
doc_8404,0
doc_13843,0
doc_12965,0
doc_2813,0
doc_9469,0
doc_18483,0
doc_5677,0
doc_3214,0
doc_18336,0
doc_3595,0
doc_12637,0
doc_21563,0
doc_17296,0
doc_17356,0
doc_15704,0
doc_14371,0
doc_22230,0
doc_13765,0
doc_14113,0
doc_346,0
doc_6727,0
doc_22556,0
doc_12579,0
doc_22508,0
doc_10405,0
doc_1035,0
doc_20928,0
doc_726,0
doc_6613,0
doc_4195,0
doc_5628,0
doc_13772,0
doc_4192,0
doc_5946,0
doc_2009,0
doc_17908,0
doc_20177,0
doc_8050,0
doc_20449,0
doc_22845,0
doc_10915,0
doc_3733,0
doc_14317,0
doc_4679,0
doc_16865,0
doc_23443,0
doc_1892,0
doc_4581,0
doc_8859,0
doc_11489,0
doc_16398,0
doc_5260,0
doc_14740,0
doc_10377,0
doc_4044,0
doc_7504,0
doc_6309,0
doc_3618,0
doc_3211,0
doc_21637,0
doc_2684,0
doc_5054,0
doc_9702,0
doc_19798,0
doc_617,0
doc_13675,0
doc_1902,0
doc_18826,0
doc_409,0
doc_19059,0
doc_3382,0
doc_8338,0
doc_7176,0
doc_9622,0
doc_532,0
doc_11496,0
doc_16825,0
doc_2534,0
doc_21000,0
doc_9406,0
doc_20313,0
doc_18773,0
doc_16207,0
doc_18179,0
doc_15938,0
doc_12636,0
doc_18976,0
doc_176,0
doc_15962,0
doc_13728,0
doc_19434,0
doc_3560,0
doc_8133,0
doc_22666,0
doc_19106,0
doc_9225,0
doc_1575,0
doc_22543,0
doc_9864,0
doc_13083,0
doc_14978,0
doc_7656,0
doc_5245,0
doc_266,0
doc_12203,0
doc_21830,0
doc_7271,0
doc_19462,0
doc_20850,0
doc_9241,0
doc_6385,0
doc_17942,0
doc_13421,0
doc_9516,0
doc_5200,0
doc_4506,0
doc_6134,0
doc_20642,0
doc_21705,0
doc_14472,0
doc_20102,0
doc_11417,0
doc_22079,0
doc_7827,0
doc_13702,0
doc_2241,0
doc_16632,0
doc_9154,0
doc_14161,0
doc_6246,0
doc_8808,0
doc_1262,0
doc_13343,0
doc_12481,0
doc_12754,0
doc_3959,0
doc_11108,0
doc_10250,0
doc_19641,0
doc_12211,0
doc_14320,0
doc_19266,0
doc_12886,0
doc_18782,0
doc_21882,0
doc_7110,0
doc_425,0
doc_7841,0
doc_14602,0
doc_3483,0
doc_20330,0
doc_14156,0
doc_15622,0
doc_5743,0
doc_17349,0
doc_22705,0
doc_813,0
doc_8311,0
doc_15648,0
doc_6139,0
doc_8019,0
doc_9656,0
doc_20165,0
doc_22734,0
doc_17383,0
doc_946,0
doc_4292,0
doc_18218,0
doc_16846,0
doc_11996,0
doc_17244,0
doc_14806,0
doc_17901,0
doc_21867,0
doc_3495,0
doc_13315,0
doc_5529,0
doc_20851,0
doc_4505,0
doc_4337,0
doc_11215,0
doc_1848,0
doc_11049,0
doc_13416,0
doc_2189,0
doc_17964,0
doc_13865,0
doc_4402,0
doc_9937,0
doc_15114,0
doc_11969,0
doc_11075,0
doc_17701,0
doc_20214,0
doc_9654,0
doc_3965,0
doc_7168,0
doc_12770,0
doc_22156,0
doc_6836,0
doc_12141,0
doc_17600,0
doc_8762,0
doc_11189,0
doc_5710,0
doc_1444,0
doc_7629,0
doc_15000,0
doc_18728,0
doc_19448,0
doc_10481,0
doc_8526,0
doc_5996,0
doc_777,0
doc_3669,0
doc_4058,0
doc_4703,0
doc_4158,0
doc_21739,0
doc_4597,0
doc_16071,0
doc_13796,0
doc_23215,0
doc_7782,0
doc_19222,0
doc_6092,0
doc_9561,0
doc_18551,0
doc_21483,0
doc_1198,0
doc_14217,0
doc_12120,0
doc_13322,0
doc_23511,0
doc_15956,0
doc_15580,0
doc_19329,0
doc_555,0
doc_21802,0
doc_5571,0
doc_16915,0
doc_5504,0
doc_17674,0
doc_18327,0
doc_1207,0
doc_2560,0
doc_18199,0
doc_18127,0
doc_10827,0
doc_15215,0
doc_9562,0
doc_19516,0
doc_6449,0
doc_10224,0
doc_13105,0
doc_21968,0
doc_6346,0
doc_19724,0
doc_20149,0
doc_1739,0
doc_17051,0
doc_23640,0
doc_47,0
doc_8114,0
doc_5993,0
doc_7748,0
doc_12740,0
doc_19277,0
doc_5044,0
doc_16219,0
doc_4686,0
doc_11851,0
doc_745,0
doc_11515,0
doc_13617,0
doc_11475,0
doc_13189,0
doc_6558,0
doc_2214,0
doc_8279,0
doc_4069,0
doc_20170,0
doc_13806,0
doc_15322,0
doc_1291,0
doc_1585,0
doc_15843,0
doc_10928,0
doc_12815,0
doc_7327,0
doc_19413,0
doc_3493,0
doc_16608,0
doc_2773,0
doc_23193,0
doc_4307,0
doc_12860,0
doc_16044,0
doc_4140,0
doc_13863,0
doc_11265,0
doc_19145,0
doc_10291,0
doc_3844,0
doc_2239,0
doc_13917,0
doc_7579,0
doc_12312,0
doc_15438,0
doc_1449,0
doc_16787,0
doc_20875,0
doc_20976,0
doc_5461,0
doc_2519,0
doc_19618,0
doc_9247,0
doc_881,0
doc_22450,0
doc_10713,0
doc_13511,0
doc_19095,0
doc_8863,0
doc_10312,0
doc_1808,0
doc_9539,0
doc_3185,0
doc_10907,0
doc_3707,0
doc_3902,0
doc_14708,0
doc_12611,0
doc_23340,0
doc_23168,0
doc_20518,0
doc_3036,0
doc_10500,0
doc_21206,0
doc_345,0
doc_19566,0
doc_6889,0
doc_13817,0
doc_4825,0
doc_17212,0
doc_20201,0
doc_3269,0
doc_7908,0
doc_1720,0
doc_16705,0
doc_7388,0
doc_8974,0
doc_8296,0
doc_5686,0
doc_1979,0
doc_1705,0
doc_1663,0
doc_15257,0
doc_14870,0
doc_8467,0
doc_16026,0
doc_7701,0
doc_7781,0
doc_10909,0
doc_19681,0
doc_14340,0
doc_10953,0
doc_21240,0
doc_15740,0
doc_14727,0
doc_19510,0
doc_16369,0
doc_3930,0
doc_1329,0
doc_12241,0
doc_12618,0
doc_14721,0
doc_2831,0
doc_17032,0
doc_20026,0
doc_13432,0
doc_11481,0
doc_4903,0
doc_3223,0
doc_15468,0
doc_7232,0
doc_23461,0
doc_6174,0
doc_21088,0
doc_13962,0
doc_21013,0
doc_18573,0
doc_9661,0
doc_15492,0
doc_6706,0
doc_4157,0
doc_2865,0
doc_6754,0
doc_10229,0
doc_10882,0
doc_12746,0
doc_2222,0
doc_258,0
doc_20502,0
doc_2203,0
doc_3048,0
doc_6121,0
doc_10155,0
doc_6815,0
doc_15780,0
doc_3923,0
doc_13156,0
doc_19706,0
doc_13338,0
doc_16731,0
doc_22268,0
doc_7733,0
doc_7977,0
doc_19640,0
doc_21136,0
doc_485,0
doc_23287,0
doc_10326,0
doc_844,0
doc_14282,0
doc_8201,0
doc_12285,0
doc_15638,0
doc_6439,0
doc_11193,0
doc_15292,0
doc_20387,0
doc_10993,0
doc_1924,0
doc_17123,0
doc_22171,0
doc_10360,0
doc_3143,0
doc_12210,0
doc_5389,0
doc_1490,0
doc_739,0
doc_10782,0
doc_9393,0
doc_21377,0
doc_18777,0
doc_20668,0
doc_19551,0
doc_11025,0
doc_14652,0
doc_5729,0
doc_22623,0
doc_19215,0
doc_3319,0
doc_19368,0
doc_335,0
doc_14973,0
doc_17534,0
doc_21840,0
doc_14769,0
doc_14611,0
doc_15121,0
doc_14962,0
doc_1062,0
doc_20774,0
doc_7593,0
doc_13695,0
doc_19279,0
doc_9202,0
doc_5611,0
doc_20746,0
doc_6877,0
doc_7959,0
doc_15108,0
doc_17353,0
doc_16853,0
doc_1699,0
doc_7154,0
doc_4111,0
doc_9927,0
doc_15131,0
doc_20649,0
doc_2054,0
doc_5573,0
doc_3101,0
doc_23407,0
doc_9323,0
doc_19196,0
doc_2546,0
doc_11340,0
doc_12760,0
doc_21621,0
doc_134,0
doc_18763,0
doc_3266,0
doc_6502,0
doc_22931,0
doc_23000,0
doc_16742,0
doc_22097,0
doc_1944,0
doc_10924,0
doc_3848,0
doc_22609,0
doc_16843,0
doc_625,0
doc_14982,0
doc_17988,0
doc_18150,0
doc_23073,0
doc_7213,0
doc_22902,0
doc_15212,0
doc_7500,0
doc_2013,0
doc_18561,0
doc_19702,0
doc_8289,0
doc_11512,0
doc_8697,0
doc_2448,0
doc_8442,0
doc_12310,0
doc_1499,0
doc_14778,0
doc_8972,0
doc_18119,0
doc_10447,0
doc_18113,0
doc_1599,0
doc_10578,0
doc_15081,0
doc_10541,0
doc_23254,0
doc_2486,0
doc_23397,0
doc_3533,0
doc_5509,0
doc_3112,0
doc_9688,0
doc_21958,0
doc_9903,0
doc_16519,0
doc_9057,0
doc_21516,0
doc_20063,0
doc_22903,0
doc_6688,0
doc_3166,0
doc_20139,0
doc_11213,0
doc_8945,0
doc_7922,0
doc_2246,0
doc_12282,0
doc_4654,0
doc_8888,0
doc_23057,0
doc_20710,0
doc_10147,0
doc_6779,0
doc_275,0
doc_13087,0
doc_8850,0
doc_8778,0
doc_14586,0
doc_8699,0
doc_14168,0
doc_1669,0
doc_11356,0
doc_9850,0
doc_22800,0
doc_9586,0
doc_12087,0
doc_19487,0
doc_7607,0
doc_354,0
doc_8179,0
doc_12762,0
doc_21913,0
doc_2938,0
doc_2886,0
doc_12197,0
doc_20439,0
doc_6240,0
doc_9398,0
doc_3526,0
doc_6978,0
doc_14048,0
doc_21338,0
doc_5313,0
doc_11166,0
doc_18981,0
doc_11506,0
doc_13283,0
doc_22350,0
doc_4808,0
doc_994,0
doc_6551,0
doc_22499,0
doc_22566,0
doc_3427,0
doc_10615,0
doc_21248,0
doc_7734,0
doc_483,0
doc_18697,0
doc_12893,0
doc_17680,0
doc_8926,0
doc_2091,0
doc_11683,0
doc_11686,0
doc_8152,0
doc_4592,0
doc_13673,0
doc_22787,0
doc_140,0
doc_14097,0
doc_12215,0
doc_4725,0
doc_19472,0
doc_4973,0
doc_3487,0
doc_20144,0
doc_14354,0
doc_17947,0
doc_3003,0
doc_3875,0
doc_1828,0
doc_18171,0
doc_3471,0
doc_20212,0
doc_16218,0
doc_12379,0
doc_19561,0
doc_11128,0
doc_22352,0
doc_23448,0
doc_14369,0
doc_13091,0
doc_11026,0
doc_1612,0
doc_19830,0
doc_853,0
doc_5618,0
doc_9817,0
doc_13140,0
doc_18671,0
doc_5684,0
doc_17721,0
doc_2376,0
doc_19956,0
doc_16338,0
doc_15706,0
doc_4116,0
doc_18132,0
doc_5408,0
doc_1406,0
doc_11009,0
doc_8453,0
doc_14219,0
doc_18733,0
doc_5188,0
doc_12015,0
doc_18937,0
doc_16797,0
doc_11819,0
doc_7410,0
doc_12526,0
doc_9301,0
doc_16175,0
doc_11844,0
doc_1244,0
doc_12430,0
doc_10754,0
doc_804,0
doc_21905,0
doc_2905,0
doc_11449,0
doc_2352,0
doc_22714,0
doc_2256,0
doc_2807,0
doc_16189,0
doc_19036,0
doc_10278,0
doc_13067,0
doc_15970,0
doc_20459,0
doc_12807,0
doc_8953,0
doc_3781,0
doc_3499,0
doc_12908,0
doc_13628,0
doc_4697,0
doc_2451,0
doc_12114,0
doc_3980,0
doc_21523,0
doc_5590,0
doc_6919,0
doc_1982,0
doc_14121,0
doc_19978,0
doc_6271,0
doc_20131,0
doc_9009,0
doc_3399,0
doc_4547,0
doc_16566,0
doc_17150,0
doc_15501,0
doc_1573,0
doc_9011,0
doc_15025,0
doc_21685,0
doc_14499,0
doc_21009,0
doc_5955,0
doc_9685,0
doc_6071,0
doc_17408,0
doc_16648,0
doc_16604,0
doc_21555,0
doc_11629,0
doc_11769,0
doc_13959,0
doc_16314,0
doc_1078,0
doc_14932,0
doc_2154,0
doc_14990,0
doc_22506,0
doc_398,0
doc_8084,0
doc_15558,0
doc_23444,0
doc_2151,0
doc_15994,0
doc_16682,0
doc_9238,0
doc_12024,0
doc_22192,0
doc_2251,0
doc_21891,0
doc_16216,0
doc_6358,0
doc_7418,0
doc_19015,0
doc_15822,0
doc_19342,0
doc_21673,0
doc_20957,0
doc_7357,0
doc_876,0
doc_5051,0
doc_4414,0
doc_4845,0
doc_14741,0
doc_4789,0
doc_2468,0
doc_19994,0
doc_15592,0
doc_4835,0
doc_2498,0
doc_21618,0
doc_23595,0
doc_13049,0
doc_6770,0
doc_20529,0
doc_11164,0
doc_17920,0
doc_576,0
doc_20752,0
doc_908,0
doc_12811,0
doc_347,0
doc_8127,0
doc_3942,0
doc_20872,0
doc_11846,0
doc_4373,0
doc_8509,0
doc_3996,0
doc_22652,0
doc_914,0
doc_13584,0
doc_16942,0
doc_19294,0
doc_510,0
doc_20296,0
doc_9505,0
doc_9623,0
doc_18219,0
doc_4456,0
doc_5006,0
doc_9186,0
doc_7517,0
doc_10744,0
doc_12053,0
doc_21123,0
doc_12221,0
doc_13301,0
doc_15459,0
doc_9460,0
doc_18998,0
doc_10242,0
doc_439,0
doc_20597,0
doc_7902,0
doc_16004,0
doc_9607,0
doc_12919,0
doc_8766,0
doc_18591,0
doc_12685,0
doc_12390,0
doc_15496,0
doc_17885,0
doc_8426,0
doc_6456,0
doc_20460,0
doc_19938,0
doc_10886,0
doc_22277,0
doc_21984,0
doc_10535,0
doc_3278,0
doc_11885,0
doc_19443,0
doc_5513,0
doc_20793,0
doc_2116,0
doc_13481,0
doc_3589,0
doc_675,0
doc_5479,0
doc_16943,0
doc_252,0
doc_18056,0
doc_4344,0
doc_13329,0
doc_22883,0
doc_21355,0
doc_1451,0
doc_9203,0
doc_5505,0
doc_12520,0
doc_11504,0
doc_4721,0
doc_16900,0
doc_17801,0
doc_4844,0
doc_20614,0
doc_15958,0
doc_15363,0
doc_17257,0
doc_19135,0
doc_13183,0
doc_11421,0
doc_20953,0
doc_19247,0
doc_9786,0
doc_264,0
doc_9615,0
doc_7998,0
doc_21325,0
doc_1098,0
doc_11068,0
doc_7730,0
doc_17165,0
doc_13682,0
doc_4561,0
doc_3740,0
doc_734,0
doc_6966,0
doc_18110,0
doc_12373,0
doc_14906,0
doc_14705,0
doc_18418,0
doc_6268,0
doc_6424,0
doc_4394,0
doc_20008,0
doc_16059,0
doc_20289,0
doc_753,0
doc_2993,0
doc_5333,0
doc_16271,0
doc_10330,0
doc_20652,0
doc_17358,0
doc_11893,0
doc_2547,0
doc_4161,0
doc_19336,0
doc_13659,0
doc_7439,0
doc_5091,0
doc_4029,0
doc_5365,0
doc_4878,0
doc_23223,0
doc_8558,0
doc_8507,0
doc_18140,0
doc_830,0
doc_16453,0
doc_4348,0
doc_22227,0
doc_3695,0
doc_14149,0
doc_20949,0
doc_8175,0
doc_1816,0
doc_9073,0
doc_14312,0
doc_19667,0
doc_19754,0
doc_291,0
doc_17981,0
doc_4153,0
doc_17317,0
doc_16994,0
doc_14975,0
doc_18624,0
doc_13419,0
doc_17934,0
doc_23306,0
doc_12135,0
doc_20244,0
doc_11226,0
doc_9237,0
doc_20918,0
doc_10874,0
doc_1505,0
doc_3019,0
doc_4564,0
doc_5226,0
doc_20722,0
doc_14696,0
doc_7432,0
doc_3814,0
doc_23485,0
doc_2982,0
doc_21780,0
doc_20278,0
doc_8514,0
doc_20897,0
doc_7932,0
doc_20031,0
doc_9277,0
doc_8130,0
doc_20955,0
doc_4916,0
doc_2753,0
doc_18600,0
doc_11861,0
doc_9567,0
doc_10203,0
doc_4529,0
doc_7604,0
doc_8366,0
doc_965,0
doc_709,0
doc_169,0
doc_18137,0
doc_5346,0
doc_5071,0
doc_21172,0
doc_434,0
doc_4680,0
doc_12432,0
doc_23610,0
doc_4038,0
doc_4986,0
doc_11225,0
doc_14500,0
doc_19227,0
doc_11998,0
doc_1536,0
doc_2879,0
doc_19549,0
doc_18985,0
doc_18080,0
doc_1273,0
doc_10537,0
doc_17647,0
doc_13748,0
doc_12362,0
doc_9734,0
doc_21653,0
doc_4345,0
doc_9954,0
doc_15181,0
doc_9318,0
doc_13337,0
doc_22364,0
doc_23267,0
doc_22986,0
doc_3353,0
doc_22182,0
doc_20366,0
doc_23442,0
doc_12249,0
doc_18243,0
doc_9890,0
doc_11148,0
doc_10478,0
doc_3779,0
doc_4565,0
doc_10232,0
doc_3503,0
doc_4377,0
doc_9007,0
doc_19593,0
doc_5747,0
doc_5069,0
doc_8874,0
doc_7999,0
doc_5602,0
doc_20545,0
doc_21902,0
doc_15651,0
doc_19710,0
doc_21983,0
doc_12222,0
doc_15273,0
doc_14733,0
doc_5983,0
doc_11794,0
doc_8060,0
doc_8181,0
doc_13554,0
doc_20226,0
doc_7217,0
doc_14885,0
doc_8471,0
doc_20519,0
doc_5287,0
doc_6683,0
doc_5565,0
doc_15140,0
doc_21985,0
doc_10869,0
doc_15649,0
doc_14619,0
doc_20204,0
doc_15392,0
doc_23015,0
doc_3972,0
doc_4448,0
doc_4098,0
doc_17646,0
doc_6012,0
doc_16034,0
doc_11390,0
doc_18827,0
doc_16000,0
doc_6879,0
doc_11966,0
doc_20693,0
doc_11394,0
doc_21613,0
doc_17221,0
doc_2406,0
doc_18007,0
doc_12268,0
doc_10431,0
doc_22554,0
doc_14405,0
doc_10347,0
doc_4306,0
doc_352,0
doc_10735,0
doc_14655,0
doc_7305,0
doc_8822,0
doc_8318,0
doc_23549,0
doc_639,0
doc_16824,0
doc_3148,0
doc_4601,0
doc_7752,0
doc_2268,0
doc_11710,0
doc_15085,0
doc_1167,0
doc_14967,0
doc_10855,0
doc_5515,0
doc_20802,0
doc_23187,0
doc_15978,0
doc_6947,0
doc_5981,0
doc_21518,0
doc_8890,0
doc_23647,0
doc_16482,0
doc_2333,0
doc_20331,0
doc_4150,0
doc_5457,0
doc_11833,0
doc_10011,0
doc_8577,0
doc_721,0
doc_20175,0
doc_55,0
doc_3994,0
doc_11854,0
doc_4541,0
doc_22682,0
doc_12108,0
doc_11279,0
doc_22301,0
doc_15531,0
doc_18842,0
doc_20127,0
doc_8648,0
doc_2326,0
doc_12822,0
doc_22435,0
doc_479,0
doc_1372,0
doc_19185,0
doc_231,0
doc_9882,0
doc_2565,0
doc_1206,0
doc_15326,0
doc_7118,0
doc_3590,0
doc_15489,0
doc_5215,0
doc_21144,0
doc_15491,0
doc_23046,0
doc_14894,0
doc_3800,0
doc_11519,0
doc_195,0
doc_9974,0
doc_8505,0
doc_6905,0
doc_10150,0
doc_3297,0
doc_22200,0
doc_14770,0
doc_18318,0
doc_7553,0
doc_2928,0
doc_21496,0
doc_1871,0
doc_11938,0
doc_9148,0
doc_16177,0
doc_18343,0
doc_14107,0
doc_5360,0
doc_4511,0
doc_20761,0
doc_587,0
doc_17620,0
doc_21368,0
doc_18235,0
doc_12375,0
doc_3044,0
doc_16190,0
doc_16976,0
doc_18301,0
doc_514,0
doc_10129,0
doc_15351,0
doc_21071,0
doc_22947,0
doc_22165,0
doc_1912,0
doc_8212,0
doc_9253,0
doc_9659,0
doc_312,0
doc_22822,0
doc_1188,0
doc_22786,0
doc_6063,0
doc_11675,0
doc_12842,0
doc_3442,0
doc_1348,0
doc_13913,0
doc_18900,0
doc_23124,0
doc_2076,0
doc_6975,0
doc_19813,0
doc_20070,0
doc_14698,0
doc_19376,0
doc_21933,0
doc_4895,0
doc_6333,0
doc_18042,0
doc_23437,0
doc_3932,0
doc_23288,0
doc_16980,0
doc_2134,0
doc_22648,0
doc_10005,0
doc_15173,0
doc_3335,0
doc_13163,0
doc_10202,0
doc_6533,0
doc_16669,0
doc_15747,0
doc_827,0
doc_6649,0
doc_2931,0
doc_12034,0
doc_1145,0
doc_15829,0
doc_7776,0
doc_21121,0
doc_1159,0
doc_16862,0
doc_15022,0
doc_15483,0
doc_11936,0
doc_6914,0
doc_10216,0
doc_820,0
doc_9913,0
doc_18737,0
doc_9821,0
doc_16110,0
doc_21812,0
doc_14075,0
doc_13996,0
doc_23260,0
doc_22390,0
doc_7105,0
doc_3107,0
doc_5043,0
doc_20372,0
doc_11283,0
doc_20487,0
doc_7506,0
doc_7592,0
doc_11655,0
doc_13434,0
doc_13439,0
doc_16614,0
doc_17103,0
doc_23096,0
doc_10424,0
doc_6701,0
doc_3640,0
doc_4385,0
doc_19598,0
doc_6004,0
doc_9559,0
doc_14802,0
doc_1730,0
doc_23238,0
doc_6088,0
doc_8942,0
doc_2894,0
doc_22923,0
doc_18407,0
doc_5785,0
doc_9887,0
doc_8565,0
doc_6120,0
doc_3790,0
doc_15641,0
doc_2381,0
doc_23480,0
doc_11439,0
doc_23302,0
doc_10990,0
doc_2877,0
doc_7554,0
doc_2688,0
doc_13582,0
doc_16016,0
doc_13385,0
doc_21469,0
doc_13311,0
doc_15054,0
doc_3795,0
doc_3209,0
doc_5924,0
doc_5438,0
doc_18729,0
doc_10264,0
doc_8973,0
doc_16179,0
doc_11277,0
doc_2421,0
doc_20298,0
doc_3208,0
doc_6647,0
doc_11400,0
doc_23111,0
doc_15453,0
doc_15365,0
doc_19621,0
doc_15874,0
doc_21554,0
doc_19696,0
doc_20254,0
doc_18584,0
doc_7126,0
doc_4171,0
doc_15440,0
doc_12982,0
doc_2745,0
doc_9410,0
doc_21339,0
doc_8280,0
doc_13611,0
doc_11634,0
doc_15945,0
doc_1394,0
doc_17474,0
doc_963,0
doc_21852,0
doc_4985,0
doc_665,0
doc_20036,0
doc_13112,0
doc_328,0
doc_10444,0
doc_10595,0
doc_12595,0
doc_20813,0
doc_10844,0
doc_22562,0
doc_7294,0
doc_9021,0
doc_13735,0
doc_13370,0
doc_21233,0
doc_4032,0
doc_18215,0
doc_10463,0
doc_17035,0
doc_7797,0
doc_14465,0
doc_20936,0
doc_7616,0
doc_5129,0
doc_20689,0
doc_14711,0
doc_20744,0
doc_17017,0
doc_8367,0
doc_7851,0
doc_5528,0
doc_13614,0
doc_2458,0
doc_6207,0
doc_20981,0
doc_3001,0
doc_19445,0
doc_13011,0
doc_1605,0
doc_11789,0
doc_102,0
doc_4611,0
doc_7459,0
doc_17486,0
doc_15867,0
doc_22466,0
doc_3877,0
doc_16504,0
doc_3296,0
doc_14493,0
doc_16133,0
doc_14613,0
doc_11061,0
doc_2404,0
doc_7556,0
doc_15243,0
doc_15610,0
doc_879,0
doc_16444,0
doc_4551,0
doc_1351,0
doc_2110,0
doc_17504,0
doc_7248,0
doc_19921,0
doc_21865,0
doc_12066,0
doc_411,0
doc_15029,0
doc_15532,0
doc_22395,0
doc_21049,0
doc_14680,0
doc_20256,0
doc_2190,0
doc_16098,0
doc_13074,0
doc_14766,0
doc_5562,0
doc_11488,0
doc_5844,0
doc_18649,0
doc_17830,0
doc_11743,0
doc_3247,0
doc_314,0
doc_19113,0
doc_11834,0
doc_14009,0
doc_15268,0
doc_1789,0
doc_19476,0
doc_2300,0
doc_6673,0
doc_6751,0
doc_15635,0
doc_11829,0
doc_22045,0
doc_14506,0
doc_17860,0
doc_4872,0
doc_4086,0
doc_929,0
doc_4833,0
doc_5533,0
doc_22713,0
doc_7306,0
doc_12597,0
doc_12394,0
doc_3116,0
doc_19301,0
doc_16325,0
doc_4473,0
doc_7089,0
doc_21018,0
doc_10138,0
doc_6509,0
doc_4521,0
doc_7726,0
doc_6109,0
doc_21342,0
doc_2320,0
doc_12554,0
doc_14959,0
doc_13942,0
doc_7452,0
doc_3063,0
doc_17438,0
doc_1007,0
doc_12418,0
doc_14936,0
doc_10115,0
doc_19373,0
doc_20728,0
doc_11298,0
doc_11767,0
doc_21843,0
doc_23226,0
doc_2248,0
doc_12969,0
doc_13848,0
doc_23473,0
doc_20762,0
doc_18011,0
doc_15772,0
doc_18488,0
doc_21012,0
doc_5514,0
doc_20748,0
doc_619,0
doc_21010,0
doc_12485,0
doc_21480,0
doc_20263,0
doc_128,0
doc_1356,0
doc_22037,0
doc_16794,0
doc_23296,0
doc_14214,0
doc_16205,0
doc_16401,0
doc_5195,0
doc_17685,0
doc_13057,0
doc_9273,0
doc_11099,0
doc_4814,0
doc_16777,0
doc_13905,0
doc_23644,0
doc_3489,0
doc_6578,0
doc_23304,0
doc_76,0
doc_8819,0
doc_3103,0
doc_13350,0
doc_6464,0
doc_14078,0
doc_14180,0
doc_17836,0
doc_18124,0
doc_14477,0
doc_1164,0
doc_12622,0
doc_2459,0
doc_22835,0
doc_4974,0
doc_10710,0
doc_18284,0
doc_9044,0
doc_5550,0
doc_8031,0
doc_20708,0
doc_3054,0
doc_16229,0
doc_5706,0
doc_20072,0
doc_15187,0
doc_22290,0
doc_18023,0
doc_3351,0
doc_22798,0
doc_13060,0
doc_14772,0
doc_19907,0
doc_3473,0
doc_21906,0
doc_8159,0
doc_4418,0
doc_19229,0
doc_23162,0
doc_15421,0
doc_7229,0
doc_21258,0
doc_19345,0
doc_16538,0
doc_2141,0
doc_21072,0
doc_6776,0
doc_20142,0
doc_17005,0
doc_6428,0
doc_14539,0
doc_611,0
doc_20397,0
doc_17665,0
doc_458,0
doc_1256,0
doc_9438,0
doc_2699,0
doc_644,0
doc_18262,0
doc_15245,0
doc_17670,0
doc_5046,0
doc_18814,0
doc_15573,0
doc_13581,0
doc_10706,0
doc_4690,0
doc_22297,0
doc_9510,0
doc_7552,0
doc_4274,0
doc_6871,0
doc_5478,0
doc_7758,0
doc_12786,0
doc_13943,0
doc_9069,0
doc_2528,0
doc_5788,0
doc_2175,0
doc_22801,0
doc_23670,0
doc_6021,0
doc_15841,0
doc_19112,0
doc_11286,0
doc_21591,0
doc_7279,0
doc_19913,0
doc_10982,0
doc_16950,0
doc_10398,0
doc_16307,0
doc_20333,0
doc_1607,0
doc_17842,0
doc_16290,0
doc_16535,0
doc_6199,0
doc_15963,0
doc_14958,0
doc_361,0
doc_9839,0
doc_10597,0
doc_2911,0
doc_12495,0
doc_4951,0
doc_4646,0
doc_2200,0
doc_13564,0
doc_22783,0
doc_10942,0
doc_11615,0
doc_14710,0
doc_20988,0
doc_14103,0
doc_12725,0
doc_3506,0
doc_5549,0
doc_18129,0
doc_460,0
doc_16841,0
doc_3849,0
doc_22231,0
doc_20489,0
doc_6545,0
doc_7686,0
doc_16880,0
doc_11807,0
doc_10934,0
doc_21575,0
doc_11379,0
doc_6498,0
doc_8043,0
doc_21719,0
doc_22114,0
doc_16622,0
doc_17364,0
doc_20817,0
doc_20986,0
doc_9669,0
doc_10163,0
doc_5577,0
doc_2183,0
doc_8417,0
doc_16183,0
doc_23129,0
doc_17944,0
doc_3497,0
doc_23131,0
doc_23310,0
doc_11370,0
doc_11891,0
doc_1442,0
doc_22236,0
doc_7548,0
doc_8450,0
doc_12557,0
doc_3520,0
doc_8519,0
doc_21964,0
doc_9846,0
doc_1809,0
doc_2951,0
doc_17280,0
doc_21065,0
doc_12832,0
doc_19225,0
doc_2827,0
doc_17630,0
doc_13143,0
doc_7161,0
doc_19027,0
doc_18859,0
doc_10181,0
doc_12700,0
doc_181,0
doc_21636,0
doc_17702,0
doc_19949,0
doc_20182,0
doc_11509,0
doc_4956,0
doc_20119,0
doc_10804,0
doc_22327,0
doc_19968,0
doc_1797,0
doc_1347,0
doc_20264,0
doc_15083,0
doc_17560,0
doc_15901,0
doc_21305,0
doc_7718,0
doc_5340,0
doc_4848,0
doc_16357,0
doc_10972,0
doc_13549,0
doc_4904,0
doc_7446,0
doc_13355,0
doc_5202,0
doc_15986,0
doc_7269,0
doc_21674,0
doc_13771,0
doc_15562,0
doc_12869,0
doc_10323,0
doc_17294,0
doc_10023,0
doc_15988,0
doc_17847,0
doc_19212,0
doc_19450,0
doc_13272,0
doc_18,0
doc_16582,0
doc_656,0
doc_5406,0
doc_3376,0
doc_8378,0
doc_13219,0
doc_410,0
doc_6736,0
doc_8630,0
doc_9569,0
doc_19777,0
doc_19729,0
doc_20622,0
doc_12736,0
doc_9195,0
doc_17881,0
doc_2800,0
doc_2236,0
doc_22808,0
doc_4606,0
doc_7736,0
doc_23176,0
doc_15739,0
doc_13192,0
doc_14046,0
doc_18567,0
doc_22731,0
doc_8590,0
doc_5512,0
doc_23325,0
doc_8183,0
doc_9799,0
doc_8552,0
doc_8362,0
doc_16324,0
doc_13685,0
doc_10666,0
doc_13155,0
doc_21334,0
doc_3215,0
doc_23191,0
doc_12499,0
doc_21512,0
doc_10038,0
doc_6869,0
doc_3234,0
doc_18364,0
doc_11063,0
doc_16270,0
doc_2620,0
doc_22525,0
doc_2520,0
doc_6670,0
doc_16676,0
doc_4025,0
doc_5355,0
doc_17691,0
doc_15466,0
doc_4978,0
doc_4775,0
doc_5928,0
doc_9103,0
doc_19620,0
doc_13571,0
doc_1749,0
doc_8475,0
doc_23258,0
doc_11810,0
doc_17058,0
doc_15422,0
doc_585,0
doc_3170,0
doc_8395,0
doc_7725,0
doc_19173,0
doc_21214,0
doc_18253,0
doc_3438,0
doc_23008,0
doc_15595,0
doc_5353,0
doc_22969,0
doc_2316,0
doc_4843,0
doc_20269,0
doc_3735,0
doc_2075,0
doc_8197,0
doc_18055,0
doc_9093,0
doc_4014,0
doc_10841,0
doc_696,0
doc_18949,0
doc_21907,0
doc_16469,0
doc_8506,0
doc_17625,0
doc_1021,0
doc_17203,0
doc_9971,0
doc_5437,0
doc_3519,0
doc_14943,0
doc_14367,0
doc_9013,0
doc_2713,0
doc_21791,0
doc_12397,0
doc_8196,0
doc_13635,0
doc_12939,0
doc_21250,0
doc_15282,0
doc_5141,0
doc_13196,0
doc_19838,0
doc_10663,0
doc_15702,0
doc_3948,0
doc_19880,0
doc_15116,0
doc_8787,0
doc_5465,0
doc_9003,0
doc_20234,0
doc_13803,0
doc_5077,0
doc_10425,0
doc_3123,0
doc_14050,0
doc_791,0
doc_15078,0
doc_15432,0
doc_19189,0
doc_336,0
doc_16650,0
doc_7336,0
doc_7338,0
doc_11168,0
doc_2622,0
doc_2113,0
doc_15511,0
doc_8352,0
doc_17671,0
doc_9526,0
doc_3480,0
doc_5916,0
doc_14286,0
doc_9576,0
doc_8115,0
doc_3616,0
doc_2004,0
doc_9518,0
doc_5501,0
doc_14403,0
doc_22978,0
doc_6881,0
doc_4073,0
doc_6243,0
doc_14749,0
doc_1704,0
doc_23493,0
doc_16834,0
doc_4520,0
doc_9129,0
doc_32,0
doc_698,0
doc_10770,0
doc_7916,0
doc_632,0
doc_5100,0
doc_11900,0
doc_12871,0
doc_21026,0
doc_17166,0
doc_3818,0
doc_14921,0
doc_17086,0
doc_2901,0
doc_17039,0
doc_6716,0
doc_17128,0
doc_15190,0
doc_17220,0
doc_4875,0
doc_17475,0
doc_23598,0
doc_3389,0
doc_3311,0
doc_21847,0
doc_21962,0
doc_14054,0
doc_3639,0
doc_19680,0
doc_5659,0
doc_9832,0
doc_116,0
doc_17585,0
doc_2499,0
doc_22009,0
doc_10723,0
doc_9198,0
doc_20938,0
doc_15502,0
doc_1200,0
doc_21696,0
doc_16735,0
doc_1693,0
doc_22736,0
doc_16421,0
doc_20105,0
doc_19929,0
doc_11616,0
doc_18619,0
doc_14768,0
doc_15264,0
doc_8846,0
doc_12275,0
doc_1609,0
doc_7116,0
doc_16418,0
doc_5720,0
doc_3016,0
doc_6988,0
doc_17172,0
doc_2989,0
doc_18860,0
doc_14488,0
doc_1554,0
doc_10811,0
doc_9748,0
doc_21553,0
doc_1338,0
doc_2481,0
doc_22464,0
doc_14008,0
doc_9611,0
doc_14970,0
doc_8452,0
doc_5763,0
doc_16109,0
doc_15825,0
doc_9081,0
doc_14184,0
doc_14243,0
doc_15202,0
doc_21862,0
doc_8674,0
doc_4283,0
doc_9321,0
doc_19386,0
doc_3002,0
doc_22303,0
doc_5327,0
doc_4822,0
doc_839,0
doc_2445,0
doc_18170,0
doc_22428,0
doc_11433,0
doc_14264,0
doc_20639,0
doc_14642,0
doc_2027,0
doc_5598,0
doc_18593,0
doc_22148,0
doc_3194,0
doc_7048,0
doc_240,0
doc_1433,0
doc_2029,0
doc_14092,0
doc_5524,0
doc_5285,0
doc_4967,0
doc_9775,0
doc_8920,0
doc_20265,0
doc_716,0
doc_21210,0
doc_8858,0
doc_23247,0
doc_5306,0
doc_1930,0
doc_7610,0
doc_20485,0
doc_15416,0
doc_18462,0
doc_23345,0
doc_4272,0
doc_17226,0
doc_4575,0
doc_14907,0
doc_18595,0
doc_19060,0
doc_16473,0
doc_23126,0
doc_1363,0
doc_19162,0
doc_16193,0
doc_11083,0
doc_19348,0
doc_23602,0
doc_13015,0
doc_2278,0
doc_18043,0
doc_19517,0
doc_17951,0
doc_1731,0
doc_10719,0
doc_13001,0
doc_16792,0
doc_10331,0
doc_7304,0
doc_20300,0
doc_10000,0
doc_5935,0
doc_10393,0
doc_16798,0
doc_19341,0
doc_20442,0
doc_3469,0
doc_15817,0
doc_22051,0
doc_16603,0
doc_18120,0
doc_10711,0
doc_5842,0
doc_20499,0
doc_11653,0
doc_301,0
doc_2916,0
doc_14580,0
doc_17995,0
doc_12137,0
doc_9326,0
doc_6538,0
doc_1713,0
doc_21397,0
doc_16360,0
doc_13463,0
doc_12923,0
doc_16736,0
doc_15354,0
doc_9335,0
doc_3210,0
doc_7840,0
doc_6400,0
doc_3624,0
doc_14060,0
doc_1079,0
doc_11656,0
doc_9297,0
doc_12098,0
doc_22908,0
doc_17069,0
doc_4339,0
doc_13467,0
doc_10288,0
doc_19284,0
doc_14157,0
doc_23209,0
doc_21638,0
doc_22758,0
doc_9893,0
doc_674,0
doc_8204,0
doc_4280,0
doc_7802,0
doc_7094,0
doc_12126,0
doc_21074,0
doc_17574,0
doc_13936,0
doc_9721,0
doc_16625,0
doc_15972,0
doc_13089,0
doc_17888,0
doc_21082,0
doc_18424,0
doc_21524,0
doc_17224,0
doc_6970,0
doc_4059,0
doc_21957,0
doc_18255,0
doc_3462,0
doc_978,0
doc_22347,0
doc_6203,0
doc_21103,0
doc_20553,0
doc_23403,0
doc_18572,0
doc_8300,0
doc_18412,0
doc_15915,0
doc_4476,0
doc_17817,0
doc_22210,0
doc_6482,0
doc_9596,0
doc_3802,0
doc_21351,0
doc_23396,0
doc_5801,0
doc_16275,0
doc_16041,0
doc_6238,0
doc_13763,0
doc_12347,0
doc_19882,0
doc_8110,0
doc_17190,0
doc_12806,0
doc_18252,0
doc_17692,0
doc_20595,0
doc_15965,0
doc_3459,0
doc_11122,0
doc_3715,0
doc_7785,0
doc_5733,0
doc_2306,0
doc_6150,0
doc_10342,0
doc_14112,0
doc_23421,0
doc_6078,0
doc_13431,0
doc_8864,0
doc_23620,0
doc_18708,0
doc_9666,0
doc_1489,0
doc_5187,0
doc_10093,0
doc_8073,0
doc_8816,0
doc_12296,0
doc_5750,0
doc_3032,0
doc_577,0
doc_7683,0
doc_1054,0
doc_21106,0
doc_21718,0
doc_8346,0
doc_8242,0
doc_16892,0
doc_13620,0
doc_2178,0
doc_11118,0
doc_8011,0
doc_21274,0
doc_22169,0
doc_5358,0
doc_20162,0
doc_23601,0
doc_13813,0
doc_18467,0
doc_15957,0
doc_8688,0
doc_13956,0
doc_818,0
doc_11310,0
doc_19972,0
doc_19919,0
doc_15880,0
doc_8740,0
doc_13746,0
doc_22569,0
doc_2695,0
doc_18601,0
doc_3577,0
doc_5447,0
doc_11290,0
doc_2797,0
doc_4035,0
doc_9535,0
doc_73,0
doc_1403,0
doc_16988,0
doc_4705,0
doc_12408,0
doc_6382,0
doc_11716,0
doc_17531,0
doc_6149,0
doc_7950,0
doc_15798,0
doc_16319,0
doc_17065,0
doc_5049,0
doc_17256,0
doc_22742,0
doc_22732,0
doc_6101,0
doc_11513,0
doc_2947,0
doc_6499,0
doc_10903,0
doc_7331,0
doc_11257,0
doc_13856,0
doc_3827,0
doc_16870,0
doc_14837,0
doc_21263,0
doc_21053,0
doc_14579,0
doc_4619,0
doc_6187,0
doc_15246,0
doc_3498,0
doc_17615,0
doc_2726,0
doc_20725,0
doc_18054,0
doc_20334,0
doc_13062,0
doc_8841,0
doc_7179,0
doc_10092,0
doc_7756,0
doc_10891,0
doc_20837,0
doc_2880,0
doc_15533,0
doc_18672,0
doc_23055,0
doc_15337,0
doc_3264,0
doc_2755,0
doc_7140,0
doc_3573,0
doc_16690,0
doc_15417,0
doc_12061,0
doc_15055,0
doc_9249,0
doc_4488,0
doc_16012,0
doc_12679,0
doc_3927,0
doc_12609,0
doc_16250,0
doc_19016,0
doc_12229,0
doc_8843,0
doc_13955,0
doc_3583,0
doc_3435,0
doc_11022,0
doc_4463,0
doc_9677,0
doc_17282,0
doc_4329,0
doc_1471,0
doc_16259,0
doc_22757,0
doc_16890,0
doc_4708,0
doc_3163,0
doc_21956,0
doc_1732,0
doc_23585,0
doc_17394,0
doc_11058,0
doc_13730,0
doc_17129,0
doc_13303,0
doc_9137,0
doc_14735,0
doc_21639,0
doc_13602,0
doc_4223,0
doc_13537,0
doc_22025,0
doc_7931,0
doc_1259,0
doc_9515,0
doc_22779,0
doc_12363,0
doc_19507,0
doc_10111,0
doc_274,0
doc_21803,0
doc_6864,0
doc_22310,0
doc_14748,0
doc_3172,0
doc_17573,0
doc_18621,0
doc_6886,0
doc_20733,0
doc_23355,0
doc_20777,0
doc_15885,0
doc_18879,0
doc_16713,0
doc_6690,0
doc_12476,0
doc_3888,0
doc_16435,0
doc_18549,0
doc_11106,0
doc_21301,0
doc_13102,0
doc_5211,0
doc_10839,0
doc_8711,0
doc_6518,0
doc_4741,0
doc_22507,0
doc_16909,0
doc_21533,0
doc_2238,0
doc_17991,0
doc_6069,0
doc_14081,0
doc_232,0
doc_8082,0
doc_11424,0
doc_15275,0
doc_20805,0
doc_15136,0
doc_5326,0
doc_11452,0
doc_16660,0
doc_20064,0
doc_8249,0
doc_3979,0
doc_10193,0
doc_12316,0
doc_3426,0
doc_13967,0
doc_19474,0
doc_20486,0
doc_12093,0
doc_9452,0
doc_13312,0
doc_17912,0
doc_12567,0
doc_2313,0
doc_9843,0
doc_13515,0
doc_18829,0
doc_8059,0
doc_21485,0
doc_8146,0
doc_13121,0
doc_5099,0
doc_10793,0
doc_22690,0
doc_6921,0
doc_13161,0
doc_13885,0
doc_3830,0
doc_18741,0
doc_11016,0
doc_4200,0
doc_9246,0
doc_1723,0
doc_11266,0
doc_20416,0
doc_10657,0
doc_9296,0
doc_22263,0
doc_6730,0
doc_1733,0
doc_16247,0
doc_21822,0
doc_2849,0
doc_13489,0
doc_17218,0
doc_3895,0
doc_23108,0
doc_8705,0
doc_7173,0
doc_22293,0
doc_7153,0
doc_20688,0
doc_16234,0
doc_4154,0
doc_2944,0
doc_21725,0
doc_17735,0
doc_5972,0
doc_20287,0
doc_12462,0
doc_15625,0
doc_5220,0
doc_6443,0
doc_23614,0
doc_14865,0
doc_17122,0
doc_8376,0
doc_2302,0
doc_2999,0
doc_11202,0
doc_17949,0
doc_380,0
doc_11586,0
doc_3951,0
doc_15703,0
doc_8020,0
doc_18380,0
doc_22890,0
doc_13243,0
doc_4510,0
doc_928,0
doc_16983,0
doc_18550,0
doc_17789,0
doc_14417,0
doc_12850,0
doc_400,0
doc_14986,0
doc_8938,0
doc_11742,0
doc_2504,0
doc_7614,0
doc_11429,0
doc_13916,0
doc_7286,0
doc_4661,0
doc_12898,0
doc_12718,0
doc_11431,0
doc_19889,0
doc_11234,0
doc_18609,0
doc_17478,0
doc_17068,0
doc_18458,0
doc_3698,0
doc_8978,0
doc_1012,0
doc_7406,0
doc_10456,0
doc_6235,0
doc_2617,0
doc_468,0
doc_20067,0
doc_6389,0
doc_13079,0
doc_23075,0
doc_19473,0
doc_15953,0
doc_14380,0
doc_14922,0
doc_432,0
doc_14565,0
doc_8101,0
doc_21058,0
doc_10576,0
doc_408,0
doc_9299,0
doc_9478,0
doc_11735,0
doc_6782,0
doc_10363,0
doc_13368,0
doc_12958,0
doc_652,0
doc_6053,0
doc_4,0
doc_16599,0
doc_6934,0
doc_20443,0
doc_7609,0
doc_15572,0
doc_2393,0
doc_14042,0
doc_9521,0
doc_17985,0
doc_20197,0
doc_22802,0
doc_6960,0
doc_16708,0
doc_21037,0
doc_22929,0
doc_7475,0
doc_6492,0
doc_17892,0
doc_43,0
doc_15158,0
doc_3571,0
doc_13165,0
doc_23151,0
doc_4050,0
doc_8268,0
doc_397,0
doc_17997,0
doc_17753,0
doc_22534,0
doc_421,0
doc_5484,0
doc_317,0
doc_18610,0
doc_12651,0
doc_5218,0
doc_6467,0
doc_14948,0
doc_11468,0
doc_20044,0
doc_14134,0
doc_6562,0
doc_17400,0
doc_11291,0
doc_7302,0
doc_10546,0
doc_6070,0
doc_11887,0
doc_16102,0
doc_88,0
doc_18597,0
doc_12549,0
doc_11978,0
doc_9513,0
doc_18534,0
doc_14199,0
doc_23065,0
doc_8587,0
doc_22489,0
doc_15832,0
doc_18037,0
doc_11477,0
doc_5352,0
doc_16311,0
doc_2484,0
doc_9399,0
doc_6129,0
doc_648,0
doc_23332,0
doc_9280,0
doc_16773,0
doc_9027,0
doc_20307,0
doc_15135,0
doc_17406,0
doc_20825,0
doc_6293,0
doc_18818,0
doc_9432,0
doc_20743,0
doc_11753,0
doc_22951,0
doc_4075,0
doc_2703,0
doc_8405,0
doc_6236,0
doc_16127,0
doc_9888,0
doc_6410,0
doc_7564,0
doc_15111,0
doc_20266,0
doc_2382,0
doc_21684,0
doc_8834,0
doc_9166,0
doc_10022,0
doc_14637,0
doc_16831,0
doc_3634,0
doc_645,0
doc_16084,0
doc_8239,0
doc_5793,0
doc_1154,0
doc_22221,0
doc_20844,0
doc_13492,0
doc_2606,0
doc_19491,0
doc_16182,0
doc_19755,0
doc_13081,0
doc_6505,0
doc_10665,0
doc_13134,0
doc_11823,0
doc_3913,0
doc_1431,0
doc_14654,0
doc_13174,0
doc_21704,0
doc_19545,0
doc_13631,0
doc_19539,0
doc_2327,0
doc_10778,0
doc_4922,0
doc_20137,0
doc_6530,0
doc_18657,0
doc_7342,0
doc_5175,0
doc_5812,0
doc_22898,0
doc_20424,0
doc_12515,0
doc_11525,0
doc_6000,0
doc_472,0
doc_16056,0
doc_22879,0
doc_7034,0
doc_1772,0
doc_11204,0
doc_10114,0
doc_3324,0
doc_16717,0
doc_22217,0
doc_7470,0
doc_2118,0
doc_23182,0
doc_9860,0
doc_18019,0
doc_1163,0
doc_13269,0
doc_12100,0
doc_11326,0
doc_15413,0
doc_12668,0
doc_7707,0
doc_1220,0
doc_18481,0
doc_7396,0
doc_863,0
doc_12037,0
doc_11948,0
doc_20966,0
doc_6135,0
doc_18378,0
doc_6661,0
doc_21974,0
doc_20729,0
doc_11362,0
doc_7319,0
doc_4935,0
doc_13801,0
doc_12055,0
doc_18957,0
doc_11192,0
doc_5803,0
doc_13469,0
doc_11903,0
doc_4412,0
doc_7809,0
doc_5622,0
doc_16152,0
doc_7008,0
doc_20942,0
doc_8730,0
doc_10406,0
doc_9990,0
doc_2704,0
doc_8332,0
doc_15875,0
doc_8669,0
doc_23573,0
doc_13556,0
doc_8469,0
doc_294,0
doc_23673,0
doc_13362,0
doc_14816,0
doc_10748,0
doc_16113,0
doc_916,0
doc_2729,0
doc_23470,0
doc_6050,0
doc_14256,0
doc_17598,0
doc_13228,0
doc_21067,0
doc_8137,0
doc_20769,0
doc_1995,0
doc_17008,0
doc_16644,0
doc_4578,0
doc_622,0
doc_19690,0
doc_6535,0
doc_21717,0
doc_4016,0
doc_4454,0
doc_9729,0
doc_11877,0
doc_13326,0
doc_14939,0
doc_17253,0
doc_10854,0
doc_14135,0
doc_14760,0
doc_8686,0
doc_6393,0
doc_6286,0
doc_17193,0
doc_19855,0
doc_8493,0
doc_22505,0
doc_117,0
doc_13560,0
doc_9599,0
doc_10415,0
doc_13353,0
doc_2936,0
doc_14384,0
doc_5941,0
doc_10775,0
doc_3949,0
doc_2208,0
doc_5149,0
doc_10747,0
doc_737,0
doc_3729,0
doc_22391,0
doc_13610,0
doc_451,0
doc_15280,0
doc_2067,0
doc_18006,0
doc_19563,0
doc_1072,0
doc_21645,0
doc_1721,0
doc_8986,0
doc_20051,0
doc_20082,0
doc_5097,0
doc_14228,0
doc_14229,0
doc_19085,0
doc_1238,0
doc_6052,0
doc_17320,0
doc_23375,0
doc_11606,0
doc_14904,0
doc_22072,0
doc_42,0
doc_10374,0
doc_19245,0
doc_9316,0
doc_9643,0
doc_12684,0
doc_2579,0
doc_17324,0
doc_3475,0
doc_5679,0
doc_1124,0
doc_4519,0
doc_7889,0
doc_16918,0
doc_16757,0
doc_15645,0
doc_2586,0
doc_17516,0
doc_5378,0
doc_20922,0
doc_8919,0
doc_22286,0
doc_19939,0
doc_18599,0
doc_3373,0
doc_91,0
doc_18002,0
doc_9359,0
doc_19591,0
doc_11181,0
doc_14629,0
doc_8744,0
doc_10985,0
doc_16665,0
doc_5815,0
doc_706,0
doc_22426,0
doc_16342,0
doc_6028,0
doc_10842,0
doc_14361,0
doc_19636,0
doc_2959,0
doc_9898,0
doc_20438,0
doc_3249,0
doc_14416,0
doc_15056,0
doc_9872,0
doc_2567,0
doc_6550,0
doc_1087,0
doc_2994,0
doc_10237,0
doc_4167,0
doc_2003,0
doc_10888,0
doc_14561,0
doc_8214,0
doc_6865,0
doc_4780,0
doc_22649,0
doc_12706,0
doc_17895,0
doc_22468,0
doc_13261,0
doc_18430,0
doc_20441,0
doc_17084,0
doc_7569,0
doc_8248,0
doc_8014,0
doc_23611,0
doc_1867,0
doc_14306,0
doc_17867,0
doc_13816,0
doc_10950,0
doc_8240,0
doc_3406,0
doc_18188,0
doc_3939,0
doc_4990,0
doc_837,0
doc_6329,0
doc_4851,0
doc_11252,0
doc_17939,0
doc_19067,0
doc_9162,0
doc_4114,0
doc_19875,0
doc_20237,0
doc_13985,0
doc_12270,0
doc_6367,0
doc_12903,0
doc_22460,0
doc_9135,0
doc_3482,0
doc_16075,0
doc_1358,0
doc_22312,0
doc_18349,0
doc_4744,0
doc_5864,0
doc_20136,0
doc_3355,0
doc_6675,0
doc_1322,0
doc_23666,0
doc_23553,0
doc_20512,0
doc_12440,0
doc_3486,0
doc_8820,0
doc_1906,0
doc_4008,0
doc_17326,0
doc_5690,0
doc_1134,0
doc_19200,0
doc_7692,0
doc_10076,0
doc_13698,0
doc_8952,0
doc_3673,0
doc_13485,0
doc_10912,0
doc_14952,0
doc_5599,0
doc_1397,0
doc_4155,0
doc_17186,0
doc_14559,0
doc_20923,0
doc_11256,0
doc_1740,0
doc_18471,0
doc_11580,0
doc_19172,0
doc_13973,0
doc_13360,0
doc_10154,0
doc_6591,0
doc_20964,0
doc_23457,0
doc_262,0
doc_4193,0
doc_4549,0
doc_1306,0
doc_892,0
doc_6435,0
doc_2227,0
doc_1324,0
doc_12987,0
doc_13497,0
doc_10954,0
doc_1839,0
doc_10505,0
doc_8138,0
doc_23576,0
doc_17272,0
doc_18612,0
doc_388,0
doc_6341,0
doc_13910,0
doc_19495,0
doc_1359,0
doc_22952,0
doc_5534,0
doc_6276,0
doc_2449,0
doc_842,0
doc_20760,0
doc_23251,0
doc_19021,0
doc_22144,0
doc_7301,0
doc_8780,0
doc_23483,0
doc_22805,0
doc_4447,0
doc_7654,0
doc_17804,0
doc_16146,0
doc_11840,0
doc_4540,0
doc_9580,0
doc_19675,0
doc_19967,0
doc_14240,0
doc_10409,0
doc_16903,0
doc_16143,0
doc_2066,0
doc_12775,0
doc_3377,0
doc_1445,0
doc_1373,0
doc_2754,0
doc_13615,0
doc_18454,0
doc_3336,0
doc_16005,0
doc_6253,0
doc_19358,0
doc_4610,0
doc_15926,0
doc_15429,0
doc_10013,0
doc_20513,0
doc_7842,0
doc_506,0
doc_15599,0
doc_3837,0
doc_1048,0
doc_7108,0
doc_17993,0
doc_6546,0
doc_15596,0
doc_21669,0
doc_13550,0
doc_13923,0
doc_9150,0
doc_7780,0
doc_8591,0
doc_21475,0
doc_10480,0
doc_21385,0
doc_7787,0
doc_15984,0
doc_16069,0
doc_8310,0
doc_19203,0
doc_2907,0
doc_9624,0
doc_5278,0
doc_10455,0
doc_8106,0
doc_5169,0
doc_15668,0
doc_12344,0
doc_21364,0
doc_11542,0
doc_7949,0
doc_12382,0
doc_7923,0
doc_4326,0
doc_14064,0
doc_7673,0
doc_23367,0
doc_1706,0
doc_2857,0
doc_6604,0
doc_13741,0
doc_477,0
doc_11508,0
doc_5872,0
doc_20222,0
doc_19657,0
doc_1480,0
doc_9768,0
doc_5473,0
doc_20600,0
doc_17780,0
doc_7278,0
doc_3494,0
doc_1315,0
doc_1834,0
doc_5551,0
doc_16257,0
doc_4905,0
doc_554,0
doc_5113,0
doc_12730,0
doc_20274,0
doc_15059,0
doc_19485,0
doc_13268,0
doc_15447,0
doc_1267,0
doc_15437,0
doc_22522,0
doc_16505,0
doc_3157,0
doc_13294,0
doc_7516,0
doc_6188,0
doc_8571,0
doc_19567,0
doc_3243,0
doc_21089,0
doc_18393,0
doc_12262,0
doc_7666,0
doc_5594,0
doc_11914,0
doc_10598,0
doc_13287,0
doc_21306,0
doc_8194,0
doc_5626,0
doc_1336,0
doc_7647,0
doc_9001,0
doc_5917,0
doc_6847,0
doc_13208,0
doc_23427,0
doc_7970,0
doc_2537,0
doc_18448,0
doc_10664,0
doc_20557,0
doc_9483,0
doc_5171,0
doc_16741,0
doc_22064,0
doc_17180,0
doc_5866,0
doc_20994,0
doc_16409,0
doc_16920,0
doc_1102,0
doc_21783,0
doc_16618,0
doc_4820,0
doc_4442,0
doc_5827,0
doc_14588,0
doc_13104,0
doc_1958,0
doc_10908,0
doc_21799,0
doc_21024,0
doc_5183,0
doc_19886,0
doc_3529,0
doc_3026,0
doc_12478,0
doc_13826,0
doc_2700,0
doc_3338,0
doc_811,0
doc_8486,0
doc_16222,0
doc_8080,0
doc_4127,0
doc_3012,0
doc_6875,0
doc_22138,0
doc_19610,0
doc_19594,0
doc_14225,0
doc_3337,0
doc_11444,0
doc_11964,0
doc_7935,0
doc_7460,0
doc_15982,0
doc_10612,0
doc_5196,0
doc_15795,0
doc_13216,0
doc_2130,0
doc_2415,0
doc_20047,0
doc_6351,0
doc_593,0
doc_22054,0
doc_2685,0
doc_5805,0
doc_6308,0
doc_18073,0
doc_14578,0
doc_1602,0
doc_3966,0
doc_5422,0
doc_6416,0
doc_20573,0
doc_10102,0
doc_6395,0
doc_11652,0
doc_11371,0
doc_13025,0
doc_3416,0
doc_7713,0
doc_10334,0
doc_170,0
doc_21118,0
doc_23174,0
doc_10958,0
doc_18082,0
doc_5254,0
doc_13656,0
doc_16452,0
doc_16226,0
doc_10460,0
doc_9881,0
doc_580,0
doc_2456,0
doc_17876,0
doc_17236,0
doc_16211,0
doc_138,0
doc_6552,0
doc_21868,0
doc_17447,0
doc_9536,0
doc_11718,0
doc_11355,0
doc_15449,0
doc_17519,0
doc_4338,0
doc_1030,0
doc_8305,0
doc_18139,0
doc_1113,0
doc_22513,0
doc_5460,0
doc_7975,0
doc_5860,0
doc_6166,0
doc_1398,0
doc_9836,0
doc_5338,0
doc_3911,0
doc_10439,0
doc_14509,0
doc_16011,0
doc_17918,0
doc_10802,0
doc_13627,0
doc_6933,0
doc_23639,0
doc_19819,0
doc_2496,0
doc_13828,0
doc_747,0
doc_22115,0
doc_22630,0
doc_2702,0
doc_15878,0
doc_19527,0
doc_3670,0
doc_18406,0
doc_6791,0
doc_13424,0
doc_7354,0
doc_4630,0
doc_16982,0
doc_11101,0
doc_12340,0
doc_18875,0
doc_13318,0
doc_19353,0
doc_5283,0
doc_9404,0
doc_12527,0
doc_382,0
doc_11770,0
doc_16115,0
doc_1677,0
doc_715,0
doc_2679,0
doc_20720,0
doc_22147,0
doc_16917,0
doc_18008,0
doc_20570,0
doc_15060,0
doc_3439,0
doc_6581,0
doc_6483,0
doc_3825,0
doc_10498,0
doc_1587,0
doc_7,0
doc_2744,0
doc_16681,0
doc_7073,0
doc_12753,0
doc_7919,0
doc_19773,0
doc_20030,0
doc_19052,0
doc_16743,0
doc_22029,0
doc_3570,0
doc_17945,0
doc_21545,0
doc_12240,0
doc_17233,0
doc_15912,0
doc_9635,0
doc_21722,0
doc_15299,0
doc_22078,0
doc_1024,0
doc_889,0
doc_18850,0
doc_8605,0
doc_6596,0
doc_10646,0
doc_20939,0
doc_23208,0
doc_5755,0
doc_14700,0
doc_21869,0
doc_14516,0
doc_12308,0
doc_10501,0
doc_11366,0
doc_16951,0
doc_23401,0
doc_14910,0
doc_22158,0
doc_17766,0
doc_21080,0
doc_21171,0
doc_3144,0
doc_14809,0
doc_12464,0
doc_6419,0
doc_18662,0
doc_18658,0
doc_13731,0
doc_9501,0
doc_7901,0
doc_10070,0
doc_22684,0
doc_11207,0
doc_559,0
doc_8551,0
doc_17965,0
doc_12592,0
doc_19536,0
doc_10688,0
doc_21584,0
doc_3683,0
doc_10580,0
doc_15941,0
doc_8286,0
doc_1456,0
doc_23451,0
doc_4334,0
doc_4739,0
doc_4602,0
doc_19323,0
doc_14067,0
doc_15754,0
doc_12115,0
doc_7720,0
doc_9235,0
doc_18820,0
doc_22311,0
doc_21499,0
doc_6182,0
doc_17227,0
doc_13940,0
doc_21450,0
doc_14085,0
doc_3509,0
doc_18977,0
doc_15348,0
doc_13531,0
doc_11231,0
doc_8829,0
doc_13881,0
doc_17378,0
doc_19208,0
doc_18665,0
doc_8350,0
doc_4451,0
doc_5140,0
doc_18542,0
doc_22518,0
doc_23487,0
doc_15394,0
doc_12536,0
doc_822,0
doc_18738,0
doc_8104,0
doc_16752,0
doc_8087,0
doc_20500,0
doc_14531,0
doc_14663,0
doc_6317,0
doc_1278,0
doc_20508,0
doc_2195,0
doc_20169,0
doc_15064,0
doc_1671,0
doc_5428,0
doc_6893,0
doc_362,0
doc_14995,0
doc_12311,0
doc_16145,0
doc_10742,0
doc_12188,0
doc_8221,0
doc_9431,0
doc_12825,0
doc_16303,0
doc_3025,0
doc_16037,0
doc_8727,0
doc_21727,0
doc_19526,0
doc_11407,0
doc_1158,0
doc_19181,0
doc_2706,0
doc_8966,0
doc_15485,0
doc_23316,0
doc_21938,0
doc_4388,0
doc_18274,0
doc_11808,0
doc_8715,0
doc_19372,0
doc_15591,0
doc_15870,0
doc_23661,0
doc_11322,0
doc_4502,0
doc_7360,0
doc_18125,0
doc_2939,0
doc_488,0
doc_3246,0
doc_8693,0
doc_17713,0
doc_9758,0
doc_16704,0
doc_10910,0
doc_21350,0
doc_18088,0
doc_2280,0
doc_5837,0
doc_3904,0
doc_23086,0
doc_6085,0
doc_9548,0
doc_22716,0
doc_7812,0
doc_13176,0
doc_15027,0
doc_22944,0
doc_14854,0
doc_23636,0
doc_1648,0
doc_22850,0
doc_22651,0
doc_22041,0
doc_15701,0
doc_4352,0
doc_129,0
doc_2933,0
doc_16361,0
doc_14747,0
doc_10423,0
doc_12067,0
doc_14818,0
doc_11897,0
doc_14827,0
doc_22942,0
doc_10389,0
doc_10843,0
doc_13534,0
doc_13963,0
doc_21971,0
doc_14341,0
doc_6485,0
doc_7859,0
doc_20375,0
doc_17078,0
doc_8199,0
doc_12277,0
doc_2627,0
doc_7947,0
doc_5152,0
doc_21616,0
doc_14851,0
doc_16683,0
doc_18824,0
doc_22905,0
doc_9998,0
doc_8500,0
doc_22660,0
doc_22135,0
doc_21644,0
doc_17653,0
doc_5901,0
doc_3188,0
doc_21676,0
doc_16926,0
doc_12571,0
doc_13344,0
doc_2185,0
doc_12540,0
doc_12326,0
doc_4074,0
doc_21686,0
doc_6757,0
doc_18941,0
doc_4129,0
doc_2046,0
doc_19649,0
doc_21769,0
doc_5834,0
doc_4771,0
doc_17788,0
doc_16121,0
doc_20941,0
doc_16561,0
doc_10432,0
doc_21199,0
doc_1275,0
doc_16198,0
doc_16419,0
doc_21714,0
doc_6663,0
doc_22972,0
doc_21654,0
doc_2179,0
doc_9392,0
doc_22493,0
doc_14450,0
doc_12248,0
doc_13475,0
doc_2784,0
doc_8320,0
doc_13028,0
doc_21821,0
doc_22680,0
doc_16759,0
doc_5117,0
doc_16230,0
doc_7699,0
doc_14946,0
doc_6429,0
doc_7098,0
doc_4910,0
doc_16828,0
doc_5413,0
doc_5728,0
doc_20786,0
doc_21595,0
doc_9356,0
doc_18769,0
doc_2737,0
doc_22008,0
doc_16308,0
doc_4231,0
doc_22198,0
doc_18525,0
doc_18637,0
doc_7921,0
doc_15448,0
doc_10988,0
doc_11214,0
doc_16466,0
doc_9546,0
doc_13361,0
doc_13518,0
doc_23333,0
doc_1580,0
doc_2969,0
doc_17012,0
doc_14788,0
doc_486,0
doc_9255,0
doc_968,0
doc_18705,0
doc_5548,0
doc_8294,0
doc_13525,0
doc_1366,0
doc_1948,0
doc_11292,0
doc_2226,0
doc_7102,0
doc_20975,0
doc_13721,0
doc_21217,0
doc_5294,0
doc_20268,0
doc_16694,0
doc_12351,0
doc_7807,0
doc_18618,0
doc_17402,0
doc_22725,0
doc_11771,0
doc_4546,0
doc_22463,0
doc_3205,0
doc_2550,0
doc_4013,0
doc_3887,0
doc_19319,0
doc_21876,0
doc_6511,0
doc_10698,0
doc_13641,0
doc_20718,0
doc_10350,0
doc_14792,0
doc_9060,0
doc_16481,0
doc_23265,0
doc_23516,0
doc_14434,0
doc_602,0
doc_10135,0
doc_18776,0
doc_21124,0
doc_21150,0
doc_8576,0
doc_2168,0
doc_19408,0
doc_10609,0
doc_23541,0
doc_17791,0
doc_14122,0
doc_2625,0
doc_8440,0
doc_742,0
doc_412,0
doc_13782,0
doc_16711,0
doc_7429,0
doc_18456,0
doc_17390,0
doc_13672,0
doc_5208,0
doc_16368,0
doc_10020,0
doc_16393,0
doc_15672,0
doc_14350,0
doc_7828,0
doc_7886,0
doc_10835,0
doc_3106,0
doc_8749,0
doc_4497,0
doc_4308,0
doc_20320,0
doc_12417,0
doc_21406,0
doc_20935,0
doc_20005,0
doc_20626,0
doc_6259,0
doc_11869,0
doc_12294,0
doc_4169,0
doc_6353,0
doc_23327,0
doc_12043,0
doc_2079,0
doc_8716,0
doc_3883,0
doc_17505,0
doc_2184,0
doc_10671,0
doc_10512,0
doc_12149,0
doc_2523,0
doc_19643,0
doc_9100,0
doc_19287,0
doc_9756,0
doc_10734,0
doc_22632,0
doc_16156,0
doc_15820,0
doc_8944,0
doc_11459,0
doc_6900,0
doc_7810,0
doc_2155,0
doc_12851,0
doc_23052,0
doc_22924,0
doc_2299,0
doc_3169,0
doc_11228,0
doc_15213,0
doc_8140,0
doc_14266,0
doc_20297,0
doc_20432,0
doc_897,0
doc_19737,0
doc_21030,0
doc_21110,0
doc_23638,0
doc_9413,0
doc_708,0
doc_9649,0
doc_7132,0
doc_12182,0
doc_22689,0
doc_17337,0
doc_20969,0
doc_9743,0
doc_16877,0
doc_206,0
doc_22011,0
doc_16032,0
doc_18326,0
doc_7925,0
doc_18822,0
doc_1792,0
doc_20383,0
doc_2678,0
doc_3539,0
doc_19933,0
doc_10120,0
doc_7086,0
doc_14603,0
doc_18745,0
doc_5702,0
doc_8603,0
doc_14268,0
doc_1006,0
doc_16335,0
doc_15249,0
doc_19688,0
doc_13115,0
doc_2772,0
doc_15041,0
doc_20124,0
doc_14686,0
doc_18670,0
doc_13823,0
doc_15863,0
doc_12657,0
doc_19387,0
doc_4357,0
doc_12576,0
doc_12891,0
doc_19385,0
doc_11792,0
doc_11019,0
doc_12023,0
doc_16606,0
doc_10902,0
doc_9052,0
doc_7740,0
doc_22372,0
doc_13403,0
doc_4198,0
doc_20884,0
doc_12588,0
doc_22265,0
doc_4046,0
doc_19399,0
doc_18787,0
doc_5217,0
doc_13814,0
doc_2731,0
doc_13076,0
doc_7918,0
doc_22091,0
doc_9609,0
doc_1477,0
doc_23210,0
doc_20043,0
doc_23349,0
doc_19425,0
doc_4732,0
doc_4914,0
doc_21374,0
doc_51,0
doc_14365,0
doc_22164,0
doc_19422,0
doc_9595,0
doc_19928,0
doc_1687,0
doc_12073,0
doc_18375,0
doc_4399,0
doc_20890,0
doc_725,0
doc_11994,0
doc_22840,0
doc_4933,0
doc_2806,0
doc_13989,0
doc_19569,0
doc_17784,0
doc_9470,0
doc_13036,0
doc_21413,0
doc_14706,0
doc_1027,0
doc_15534,0
doc_21391,0
doc_18277,0
doc_7899,0
doc_5255,0
doc_11821,0
doc_8257,0
doc_17440,0
doc_18930,0
doc_15402,0
doc_6068,0
doc_124,0
doc_1248,0
doc_581,0
doc_4829,0
doc_10277,0
doc_9164,0
doc_5028,0
doc_22861,0
doc_15119,0
doc_8959,0
doc_22211,0
doc_15629,0
doc_16031,0
doc_7498,0
doc_12533,0
doc_2949,0
doc_6603,0
doc_17411,0
doc_4449,0
doc_12625,0
doc_8374,0
doc_10464,0
doc_16138,0
doc_9062,0
doc_5060,0
doc_10040,0
doc_1960,0
doc_1224,0
doc_3626,0
doc_14725,0
doc_8529,0
doc_10651,0
doc_12837,0
doc_2542,0
doc_5383,0
doc_22937,0
doc_22889,0
doc_12301,0
doc_14852,0
doc_931,0
doc_13229,0
doc_18496,0
doc_6003,0
doc_11902,0
doc_7052,0
doc_7205,0
doc_13858,0
doc_5024,0
doc_18176,0
doc_10338,0
doc_7714,0
doc_18084,0
doc_18168,0
doc_13767,0
doc_13203,0
doc_6537,0
doc_18813,0
doc_21903,0
doc_11682,0
doc_10944,0
doc_13347,0
doc_1465,0
doc_6563,0
doc_13443,0
doc_21635,0
doc_15519,0
doc_7878,0
doc_19299,0
doc_7450,0
doc_18929,0
doc_11933,0
doc_17147,0
doc_21991,0
doc_20547,0
doc_12491,0
doc_17579,0
doc_12367,0
doc_11194,0
doc_20992,0
doc_22172,0
doc_4672,0
doc_1838,0
doc_18762,0
doc_2779,0
doc_13499,0
doc_21915,0
doc_50,0
doc_9179,0
doc_17441,0
doc_20450,0
doc_11305,0
doc_21703,0
doc_20227,0
doc_21757,0
doc_10601,0
doc_15644,0
doc_9683,0
doc_18784,0
doc_11219,0
doc_16201,0
doc_4681,0
doc_7662,0
doc_17755,0
doc_15812,0
doc_9935,0
doc_3699,0
doc_3452,0
doc_6326,0
doc_22062,0
doc_1558,0
doc_22021,0
doc_19075,0
doc_14804,0
doc_21491,0
doc_23119,0
doc_22448,0
doc_8844,0
doc_10916,0
doc_12452,0
doc_17177,0
doc_6307,0
doc_5949,0
doc_20329,0
doc_14145,0
doc_18408,0
doc_16565,0
doc_2158,0
doc_11210,0
doc_23641,0
doc_7287,0
doc_17426,0
doc_19909,0
doc_5508,0
doc_19120,0
doc_18148,0
doc_2815,0
doc_6272,0
doc_1698,0
doc_19859,0
doc_17125,0
doc_5752,0
doc_9215,0
doc_9196,0
doc_1067,0
doc_18309,0
doc_15670,0
doc_18325,0
doc_20206,0
doc_23029,0
doc_2440,0
doc_14504,0
doc_23032,0
doc_21503,0
doc_16945,0
doc_2783,0
doc_6233,0
doc_13295,0
doc_10157,0
doc_3935,0
doc_9626,0
doc_2040,0
doc_19148,0
doc_2361,0
doc_20959,0
doc_19993,0
doc_11905,0
doc_5568,0
doc_1965,0
doc_10983,0
doc_5016,0
doc_11694,0
doc_13478,0
doc_18933,0
doc_23500,0
doc_7783,0
doc_12205,0
doc_10544,0
doc_16584,0
doc_13619,0
doc_5674,0
doc_23278,0
doc_5289,0
doc_6528,0
doc_9153,0
doc_7485,0
doc_18750,0
doc_9496,0
doc_11209,0
doc_11795,0
doc_15646,0
doc_9943,0
doc_84,0
doc_18939,0
doc_5192,0
doc_1254,0
doc_4901,0
doc_22938,0
doc_17607,0
doc_9443,0
doc_17921,0
doc_2047,0
doc_6422,0
doc_17100,0
doc_15886,0
doc_18857,0
doc_19753,0
doc_12635,0
doc_12843,0
doc_16074,0
doc_15133,0
doc_18688,0
doc_20997,0
doc_12800,0
doc_12883,0
doc_3060,0
doc_16931,0
doc_6651,0
doc_5032,0
doc_7937,0
doc_11199,0
doc_10433,0
doc_3580,0
doc_14533,0
doc_11576,0
doc_22795,0
doc_17589,0
doc_17471,0
doc_11728,0
doc_8685,0
doc_12155,0
doc_3985,0
doc_4753,0
doc_13839,0
doc_22792,0
doc_2090,0
doc_12510,0
doc_19454,0
doc_6016,0
doc_18931,0
doc_23201,0
doc_8092,0
doc_4472,0
doc_18420,0
doc_14803,0
doc_4070,0
doc_20753,0
doc_22019,0
doc_16073,0
doc_16262,0
doc_16842,0
doc_7761,0
doc_7753,0
doc_3581,0
doc_20319,0
doc_13742,0
doc_23637,0
doc_6495,0
doc_21751,0
doc_1195,0
doc_16866,0
doc_13697,0
doc_20616,0
doc_3976,0
doc_197,0
doc_1120,0
doc_16738,0
doc_8758,0
doc_22270,0
doc_22900,0
doc_6718,0
doc_6519,0
doc_9976,0
doc_1589,0
doc_11161,0
doc_22209,0
doc_15889,0
doc_1805,0
doc_12634,0
doc_23475,0
doc_9361,0
doc_9098,0
doc_11973,0
doc_9190,0
doc_3656,0
doc_18062,0
doc_1777,0
doc_18320,0
doc_12185,0
doc_19038,0
doc_4465,0
doc_22772,0
doc_10141,0
doc_286,0
doc_9200,0
doc_8333,0
doc_18821,0
doc_16592,0
doc_550,0
doc_14342,0
doc_12830,0
doc_2910,0
doc_21936,0
doc_20176,0
doc_22393,0
doc_3049,0
doc_21492,0
doc_23606,0
doc_3754,0
doc_11314,0
doc_4047,0
doc_19599,0
doc_15786,0
doc_12171,0
doc_15666,0
doc_1980,0
doc_20339,0
doc_2068,0
doc_21611,0
doc_16598,0
doc_10109,0
doc_13226,0
doc_7133,0
doc_13253,0
doc_4446,0
doc_5894,0
doc_18422,0
doc_15510,0
doc_18714,0
doc_4027,0
doc_4692,0
doc_11030,0
doc_17806,0
doc_14201,0
doc_2920,0
doc_11913,0
doc_13198,0
doc_18720,0
doc_9993,0
doc_8901,0
doc_1694,0
doc_12195,0
doc_19024,0
doc_13900,0
doc_3625,0
doc_19248,0
doc_15487,0
doc_4457,0
doc_10599,0
doc_17095,0
doc_15470,0
doc_12551,0
doc_20138,0
doc_21711,0
doc_8869,0
doc_3756,0
doc_13371,0
doc_5971,0
doc_5454,0
doc_5231,0
doc_18970,0
doc_4022,0
doc_9730,0
doc_20236,0
doc_10322,0
doc_6229,0
doc_19803,0
doc_17386,0
doc_2967,0
doc_22790,0
doc_5771,0
doc_10773,0
doc_10765,0
doc_13442,0
doc_12345,0
doc_15011,0
doc_1304,0
doc_22462,0
doc_10267,0
doc_8566,0
doc_19268,0
doc_6127,0
doc_1374,0
doc_10837,0
doc_15861,0
doc_16065,0
doc_1136,0
doc_14013,0
doc_7915,0
doc_427,0
doc_19877,0
doc_11910,0
doc_13752,0
doc_12739,0
doc_19828,0
doc_340,0
doc_3481,0
doc_5938,0
doc_17453,0
doc_5688,0
doc_23140,0
doc_15854,0
doc_17729,0
doc_12512,0
doc_20444,0
doc_10367,0
doc_15937,0
doc_11863,0
doc_11787,0
doc_13188,0
doc_10822,0
doc_3650,0
doc_8256,0
doc_2974,0
doc_8359,0
doc_2960,0
doc_2340,0
doc_130,0
doc_13535,0
doc_402,0
doc_12484,0
doc_5351,0
doc_14464,0
doc_23061,0
doc_15808,0
doc_10057,0
doc_23542,0
doc_6441,0
doc_3009,0
doc_17932,0
doc_10126,0
doc_20435,0
doc_8165,0
doc_12861,0
doc_20097,0
doc_19764,0
doc_7885,0
doc_13214,0
doc_1236,0
doc_23384,0
doc_15713,0
doc_8643,0
doc_4982,0
doc_21713,0
doc_3270,0
doc_14496,0
doc_8655,0
doc_1443,0
doc_16249,0
doc_5023,0
doc_13444,0
doc_20272,0
doc_19206,0
doc_15756,0
doc_12688,0
doc_23394,0
doc_16431,0
doc_16321,0
doc_11925,0
doc_609,0
doc_12349,0
doc_12111,0
doc_20,0
doc_15469,0
doc_9072,0
doc_23185,0
doc_1644,0
doc_21316,0
doc_8779,0
doc_14981,0
doc_4786,0
doc_2488,0
doc_20841,0
doc_7722,0
doc_22530,0
doc_17862,0
doc_6771,0
doc_16181,0
doc_5911,0
doc_19975,0
doc_10877,0
doc_10222,0
doc_16722,0
doc_17798,0
doc_12026,0
doc_16758,0
doc_19743,0
doc_1967,0
doc_1776,0
doc_17197,0
doc_3801,0
doc_13974,0
doc_23321,0
doc_2136,0
doc_23020,0
doc_11360,0
doc_17614,0
doc_12957,0
doc_12789,0
doc_18994,0
doc_1984,0
doc_12838,0
doc_15909,0
doc_15929,0
doc_22036,0
doc_19970,0
doc_18143,0
doc_12629,0
doc_658,0
doc_14515,0
doc_752,0
doc_2082,0
doc_1323,0
doc_18103,0
doc_7291,0
doc_18833,0
doc_18159,0
doc_8875,0
doc_11783,0
doc_10821,0
doc_21281,0
doc_18163,0
doc_3411,0
doc_20087,0
doc_2228,0
doc_21429,0
doc_17449,0
doc_5227,0
doc_18079,0
doc_3653,0
doc_14230,0
doc_10073,0
doc_5156,0
doc_4673,0
doc_22816,0
doc_8365,0
doc_2365,0
doc_48,0
doc_20515,0
doc_18388,0
doc_6527,0
doc_23374,0
doc_23303,0
doc_15017,0
doc_22479,0
doc_16534,0
doc_17098,0
doc_22376,0
doc_16809,0
doc_1945,0
doc_20607,0
doc_17366,0
doc_19822,0
doc_10632,0
doc_7113,0
doc_11136,0
doc_4756,0
doc_14841,0
doc_20887,0
doc_7657,0
doc_22275,0
doc_22087,0
doc_23250,0
doc_14726,0
doc_13657,0
doc_13907,0
doc_12802,0
doc_23266,0
doc_4591,0
doc_1872,0
doc_14799,0
doc_18701,0
doc_8619,0
doc_419,0
doc_18652,0
doc_8411,0
doc_9751,0
doc_18508,0
doc_23109,0
doc_16203,0
doc_10407,0
doc_16818,0
doc_20632,0
doc_2541,0
doc_11577,0
doc_2913,0
doc_6370,0
doc_1039,0
doc_21465,0
doc_23218,0
doc_14898,0
doc_20245,0
doc_23393,0
doc_6761,0
doc_8317,0
doc_730,0
doc_14674,0
doc_5737,0
doc_13372,0
doc_22839,0
doc_9967,0
doc_14072,0
doc_18562,0
doc_543,0
doc_18410,0
doc_5177,0
doc_147,0
doc_16636,0
doc_16340,0
doc_10549,0
doc_242,0
doc_8879,0
doc_3596,0
doc_16628,0
doc_10996,0
doc_15546,0
doc_16946,0
doc_22747,0
doc_1953,0
doc_8269,0
doc_6258,0
doc_1595,0
doc_11977,0
doc_4257,0
doc_16237,0
doc_23205,0
doc_4120,0
doc_2681,0
doc_845,0
doc_10756,0
doc_21286,0
doc_11841,0
doc_15566,0
doc_18201,0
doc_1784,0
doc_63,0
doc_1,0
doc_8791,0
doc_3463,0
doc_10951,0
doc_14884,0
doc_9542,0
doc_2145,0
doc_19091,0
doc_5853,0
doc_5886,0
doc_3666,0
doc_9636,0
doc_6163,0
doc_10807,0
doc_16344,0
doc_9978,0
doc_2272,0
doc_10820,0
doc_23504,0
doc_12278,0
doc_776,0
doc_21380,0
doc_15300,0
doc_9648,0
doc_14277,0
doc_19920,0
doc_8122,0
doc_10740,0
doc_11179,0
doc_15584,0
doc_22768,0
doc_21402,0
doc_11962,0
doc_19638,0
doc_9876,0
doc_4202,0
doc_7349,0
doc_8150,0
doc_3450,0
doc_8466,0
doc_18259,0
doc_1860,0
doc_14834,0
doc_20702,0
doc_9133,0
doc_7732,0
doc_10791,0
doc_7514,0
doc_4991,0
doc_12035,0
doc_17745,0
doc_414,0
doc_15908,0
doc_6491,0
doc_1176,0
doc_9865,0
doc_12803,0
doc_12833,0
doc_17609,0
doc_18604,0
doc_17663,0
doc_8736,0
doc_10492,0
doc_18449,0
doc_22586,0
doc_1515,0
doc_16541,0
doc_16593,0
doc_19785,0
doc_5305,0
doc_11661,0
doc_5322,0
doc_21307,0
doc_20343,0
doc_13632,0
doc_1572,0
doc_17463,0
doc_13130,0
doc_7723,0
doc_13275,0
doc_12713,0
doc_10426,0
doc_17706,0
doc_9603,0
doc_8353,0
doc_18273,0
doc_1414,0
doc_1131,0
doc_11527,0
doc_5876,0
doc_12913,0
doc_21363,0
doc_11626,0
doc_5850,0
doc_22593,0
doc_1622,0
doc_12122,0
doc_10298,0
doc_9894,0
doc_16666,0
doc_17658,0
doc_17208,0
doc_14833,0
doc_11156,0
doc_9368,0
doc_20430,0
doc_21680,0
doc_3299,0
doc_8118,0
doc_1487,0
doc_9801,0
doc_17199,0
doc_6873,0
doc_23083,0
doc_1239,0
doc_7031,0
doc_18944,0
doc_16703,0
doc_18854,0
doc_16424,0
doc_6064,0
doc_9367,0
doc_18587,0
doc_20803,0
doc_11659,0
doc_13629,0
doc_9808,0
doc_10659,0
doc_15356,0
doc_16427,0
doc_11859,0
doc_9383,0
doc_423,0
doc_16938,0
doc_15864,0
doc_10105,0
doc_17679,0
doc_15334,0
doc_7661,0
doc_19799,0
doc_6937,0
doc_10379,0
doc_21308,0
doc_12323,0
doc_484,0
doc_3847,0
doc_12691,0
doc_1316,0
doc_20810,0
doc_6077,0
doc_14327,0
doc_19100,0
doc_4942,0
doc_6468,0
doc_8088,0
doc_20407,0
doc_6493,0
doc_15414,0
doc_15948,0
doc_6244,0
doc_12136,0
doc_13591,0
doc_5004,0
doc_1577,0
doc_14761,0
doc_17558,0
doc_12148,0
doc_12552,0
doc_20257,0
doc_8542,0
doc_5503,0
doc_11125,0
doc_6211,0
doc_5304,0
doc_8142,0
doc_8613,0
doc_1990,0
doc_21532,0
doc_19852,0
doc_16383,0
doc_8457,0
doc_18263,0
doc_6106,0
doc_23347,0
doc_122,0
doc_2610,0
doc_12627,0
doc_22677,0
doc_6217,0
doc_2803,0
doc_7268,0
doc_954,0
doc_6046,0
doc_11725,0
doc_12816,0
doc_21409,0
doc_13120,0
doc_1331,0
doc_14866,0
doc_10320,0
doc_15463,0
doc_4745,0
doc_20373,0
doc_1271,0
doc_9130,0
doc_4853,0
doc_1692,0
doc_20539,0
